7.3601e+08,4.9631e+08,4.8327e+08,4.7746e+08,4.8116e+08,4.6477e+08,4.5828e+08,4.5252e+08,4.4474e+08,4.312e+08,4.1946e+08,4.1172e+08,4.084e+08,4.0002e+08,3.807e+08,3.7236e+08,3.8564e+08,3.4076e+08,3.4234e+08,3.2718e+08,3.1528e+08,3.2255e+08,2.3216e+08,2.4655e+08,1.846e+08,1.4802e+08,1.1964e+08,1.2732e+08,1.1936e+08,1.1316e+08,1.0415e+08,8.0612e+07,7.6423e+07,6.2253e+07,6.0877e+07,5.6617e+07,6.1553e+07,5.6919e+07,5.8633e+07,5.3307e+07,4.3597e+07,5.6475e+07,3.8982e+07,3.8354e+07,3.3202e+07,2.7812e+07,2.475e+07,2.4082e+07,2.1721e+07,2.3709e+07,2.7224e+07,2.2886e+07,1.7012e+07,1.7737e+07,1.6083e+07,2.1305e+07,1.5147e+07,1.4035e+07,1.3262e+07,1.2615e+07,1.9721e+07,1.2545e+07,9.8301e+06,1.4152e+07,1.0906e+07,1.2092e+07,1.0272e+07,8.6615e+06,8.9346e+06,7.2189e+06,1.1117e+07,8.2342e+06,8.0549e+06,7.7695e+06,5.9834e+06,3.5377e+06,4.5748e+06,3.1167e+06,3.1626e+06,2.2272e+06,2.5497e+06,3.0949e+06,1.9263e+06,2.0463e+06,1.6449e+06,1.7322e+06,2.404e+06,2.5056e+06,3.0633e+06,2.4692e+06,2.8399e+06,1.8369e+06,1.4315e+06,1.9447e+06,2.2589e+06,2.4076e+06,1.4318e+06,1.6526e+06,1.8353e+06,1.1894e+06,8.8864e+05,1.1354e+06,1.1392e+06,8.1863e+05,1.7444e+06,6.7738e+05,6.1629e+05,8.1075e+05,5.4499e+05,9.8664e+05,2.2581e+06,4.5777e+05,3.555e+05,2.8985e+05,5.8106e+05,3.7073e+06,3.5888e+05,3.4412e+05,3.1003e+05,2.2733e+05,1.95e+05,1.9078e+05,7.6696e+05,2.4609e+05,9.357e+05,1.6634e+06,2.1206e+05,2.6972e+05,1.8373e+05,1.1126e+05,71565,2.2823e+05,2.1752e+05,1.426e+05,89568,4.9416e+05,1.1934e+05,1.6584e+05,84818,96874,1.0704e+05,96262,2.0866e+05,2.5407e+05,1.3566e+05,1.0863e+05,1.0506e+05,77636,2.9827e+05,1.522e+05,79529,1.2846e+05,2.1553e+05,55109,65844,59889,59758,52523,44225,31410,2.3686e+05,28668,33242,25660,22714,20891,25739,21981,23714,17786,19541,15611,11302,15669,13873,16897,32517,27385,17361,1.0605e+05,66036,13294,20942,12018,14466,24773,6488.4,17204,6478.1,8264.3,7034,5186.3,5267.7,4042.6,2520.7,3672.8,3726.5,2610.8,2189.5,2190.4,1428.8,1537.1,1488.5,2432.4,1525.5,2624.7,1453.8,1674.2,1346,1795.9,1216.9,909.96,756.06,1833.5,1483.2,1641,1582.4,778.92,1192.3,1148,1638.4,559.52,494.34,527.03,411.85,413.57,459.73,419.27,419.36,398.18,327.36,314.75,293.86,326.88,291.99,274.29,283.02,270.18,291.13,244.26,312.96,345.51,212.77,306.08,221.57,222.3,236.53,198.05,229.19,189.29,180.37,221.77,145.59,143.58,152.43,152.23,130.76,119.91,122.53,113.4,110.71,119.62,116.27,119.54,107.15,123.02,113.29,115.96,104.77,103.71,97.09,90.762,100.15,96.923,101.98,89.103,84.051,104.84,95.925,1922.4,100.13,108.77,93.563,85.418,78.637,103.1,74.26,75.592,76.334,79.729,72.759,78.643,84.707,83.658,76.37,101.21,76.087,74.755,72.439,67.726,68.193,79.323,66.156,62.842,64.839,63.368,61.545,60.387,62.35,59.667,66.78,59.598,58.846,57.672,57.028,57.841,58.055,58.59,56.355,55.991,55.504,54.897,55.172,54.81,55.511,54.439,54.598,56.923,54.435,55.262,53.913,53.965,53.253,59.838,53.037,53.22,54.597,53.428,52.947,52.866,54.711,54.435,53.619,57.038,57.974,52.73,52.438,52.43,51.695,52.284,51.532,51.367,50.766,50.639,50.704,52.875,56.677,50.684,51.142,50.696,50.252,50.457,49.488,49.447,49.602,50.337,48.887,49.395,49.07,48.783,48.899,48.19,48.2,48.319,47.993,47.804,47.734,47.554,47.678,47.477,47.34,47.425,47.396,47.514,47.631,47.443,47.395,47.851,47.601,47.325,46.976,46.821,47.246,46.681,46.683,46.546,47.492,47.139,46.609,47.642
8.2671e+08,5.1749e+08,3.4831e+08,3.4831e+08,3.4188e+08,3.3736e+08,3.2719e+08,3.299e+08,3.2092e+08,3.2576e+08,3.0738e+08,3.0483e+08,2.9851e+08,2.9195e+08,2.7086e+08,2.6989e+08,2.543e+08,2.5005e+08,2.2085e+08,1.9787e+08,1.7651e+08,1.7339e+08,1.5857e+08,1.6038e+08,1.4138e+08,1.3429e+08,1.3338e+08,1.2787e+08,1.1361e+08,1.0988e+08,1.0547e+08,9.4933e+07,9.8172e+07,8.6593e+07,8.1757e+07,7.9159e+07,7.4154e+07,7.5854e+07,7.3114e+07,7.1035e+07,7.2592e+07,6.6128e+07,6.624e+07,6.7976e+07,6.4995e+07,6.8192e+07,6.1104e+07,5.9454e+07,7.4736e+07,5.9569e+07,5.4736e+07,5.4393e+07,5.2352e+07,5.3403e+07,5.1062e+07,4.6658e+07,4.6833e+07,4.0129e+07,4.1472e+07,4.6969e+07,3.9023e+07,3.5982e+07,4.0491e+07,3.9422e+07,3.4225e+07,3.4613e+07,3.4619e+07,3.1345e+07,2.9414e+07,3.0494e+07,3.1064e+07,2.8933e+07,2.6348e+07,2.7645e+07,2.9676e+07,2.0541e+07,2.0189e+07,2.0973e+07,1.7134e+07,1.5267e+07,1.2225e+07,1.5151e+07,1.3882e+07,1.2221e+07,1.1869e+07,1.1317e+07,1.076e+07,9.9166e+06,1.1751e+07,1.1484e+07,9.6462e+06,9.9723e+06,8.5115e+06,6.9379e+06,9.1396e+07,1.0084e+07,6.9348e+06,5.4973e+06,7.491e+06,5.1811e+06,7.3833e+06,7.3818e+06,7.9521e+06,6.2512e+06,5.4846e+06,6.7886e+06,5.1077e+06,1.2874e+07,5.4347e+06,3.3022e+06,3.4418e+06,3.7521e+06,3.4037e+06,2.5502e+06,2.7466e+06,2.7508e+06,2.7157e+06,3.3257e+06,3.8957e+06,2.6952e+06,2.3094e+06,2.2302e+06,2.0719e+06,2.0822e+06,1.9157e+06,1.8259e+06,1.6945e+06,2.3355e+06,2.0933e+06,1.883e+06,1.8151e+06,1.6288e+06,1.4694e+06,1.3069e+06,2.3988e+06,1.5842e+06,1.4047e+06,1.4177e+06,2.6763e+06,1.3874e+06,1.3267e+06,1.3242e+06,1.1059e+06,1.1938e+06,1.2245e+06,1.4872e+06,1.8008e+06,6.1184e+05,9.707e+05,7.3067e+05,6.9456e+05,7.5889e+05,7.7569e+05,6.4343e+05,6.1231e+05,6.2057e+05,9.2872e+05,5.8134e+05,7.6336e+05,5.138e+05,5.5823e+05,4.6411e+05,4.121e+05,3.7208e+05,4.731e+05,3.3102e+05,4.1205e+05,3.0982e+05,3.1695e+05,2.9312e+05,3.0659e+05,2.8292e+05,2.8873e+05,2.9233e+05,2.2679e+05,2.4198e+05,1.99e+05,2.0047e+05,1.8358e+05,1.7378e+05,1.7932e+05,1.632e+05,1.2547e+05,1.4687e+05,1.5793e+05,1.1852e+05,1.2539e+05,1.4695e+05,1.0458e+05,67635,99696,43058,34886,58761,39518,44656,35875,30575,18636,32736,1.3673e+05,96756,37782,29338,23756,37847,23533,11063,12997,10799,18996,13384,18533,13797,59436,13857,23284,12972,14054,15952,23632,20010,14031,14733,13273,11088,6403.2,7029.3,12520,12877,10833,5543.1,5541,4207.5,11296,24537,8282.3,6789.1,4298.7,14369,5896.5,4863.2,1.3728e+05,10844,12236,6567.2,8968.6,8571.6,7764.4,11012,8630.7,5486.2,10663,7382,44202,10207,5789.6,4259.6,19447,5466.2,1913.6,14320,4406.4,6099.8,54011,4487.1,4666,1410.2,1917.3,1592.1,1212.3,933.29,4055.4,5304.9,4061.8,1854.2,1255.4,1105.2,635.27,671.72,754.38,1269.2,828.49,841.94,534.61,530.5,537.32,2633.3,415.51,836.03,442.37,420.06,295.6,348.63,416.4,256.16,241.99,252.74,254.81,210.53,369.8,198.66,209.59,197.23,178.93,167.67,167.65,156.94,143.96,133.41,142.98,136.19,131.26,174.13,168.78,99.811,93.127,105.45,103.2,91.696,100.43,95.352,89.206,122.77,88.476,77.9,89.807,101.18,106.25,97.803,89.879,79.781,75.499,202.79,82.362,90.338,81.33,73.277,73.292,73.258,73.123,149.89,72.78,76.584,70.067,81.535,118.14,70.92,70.94,83.053,70.796,70.826,91.31,96.176,77.639,63.819,66.85,62.309,61.93,59.668,57.813,57.23,58.384,69.789,62.743,57.369,55.892,57.396,62.119,60.259,56.355,49.738,61.418,69.747,52.675,68.279,56.317,52.863,52.402,55.13,61.924,58.082,61.605,76.512,52.488,51.659,52.174,52.623,52.968,52.374,52.194,49.435,53.251,50.053,64.89,57.777,52.23,52.459,51.643,52.17
6.901e+08,4.93e+08,4.78e+08,4.8859e+08,4.7991e+08,4.6027e+08,4.4201e+08,4.1991e+08,4.1394e+08,3.9502e+08,3.8104e+08,3.6044e+08,3.5274e+08,3.3838e+08,3.4229e+08,3.2677e+08,3.1094e+08,2.9624e+08,2.8353e+08,2.5294e+08,2.3122e+08,2.1968e+08,2.0349e+08,1.7883e+08,2.4005e+08,2.6388e+08,1.8899e+08,1.708e+08,1.6564e+08,1.6785e+08,1.4449e+08,1.3186e+08,1.1275e+08,1.1679e+08,8.712e+07,1.2157e+08,9.0746e+07,8.3824e+07,7.0998e+07,9.7452e+07,9.1952e+07,6.1954e+07,4.7324e+07,5.0502e+07,9.7869e+07,5.8521e+07,6.304e+07,4.1602e+07,3.5471e+07,1.0573e+08,4.5471e+07,9.0987e+07,3.5499e+07,5.0753e+07,3.3605e+07,4.3599e+07,2.9596e+07,9.0315e+07,8.1938e+07,3.7853e+07,3.3075e+07,3.4561e+07,4.7603e+07,2.3721e+07,2.5753e+07,1.7328e+07,2.4288e+07,1.828e+07,2.0967e+07,2.0007e+07,2.1855e+07,3.2029e+07,2.0123e+07,1.9324e+07,3.0892e+07,1.6338e+07,1.0916e+07,1.6014e+07,1.1027e+07,5.9555e+06,7.1823e+06,5.7956e+06,7.1028e+06,5.326e+06,6.5586e+06,4.3634e+06,7.6181e+06,4.7907e+06,3.3623e+06,2.5437e+06,1.2874e+07,4.3219e+06,1.8414e+07,3.7581e+07,9.9804e+06,3.1372e+06,1.2229e+06,1.6138e+06,1.3073e+06,1.1918e+06,1.0549e+06,1.0113e+06,8.8647e+05,1.3502e+06,1.2597e+06,7.2738e+05,6.5288e+05,5.5332e+05,6.7784e+05,4.9213e+05,3.428e+05,4.3954e+05,5.1554e+05,6.1175e+05,1.0765e+06,8.3822e+05,6.6075e+05,4.8442e+05,3.5199e+05,3.4979e+05,1.4853e+06,6.3902e+05,4.316e+05,6.7855e+05,3.9216e+05,4.7226e+06,3.0847e+06,2.1614e+05,2.2578e+05,7.5556e+05,3.1721e+05,2.1702e+05,1.769e+05,1.2865e+05,1.1029e+06,1.4947e+05,4.8996e+05,3.584e+05,2.135e+05,1.4394e+05,1.4176e+07,2.0626e+05,2.4762e+05,1.1832e+07,7.6648e+08,1.0831e+08,4.0202e+05,3.4414e+05,1.9338e+05,1.3735e+05,1.6554e+06,1.2023e+05,1.3103e+05,1.4761e+05,1.2766e+05,2.0829e+05,3.1484e+05,2.0305e+05,3.971e+05,1.4608e+05,1.1429e+05,1.8819e+05,1.1498e+05,3.16e+05,3.1973e+05,76187,94525,26323,29776,73846,41506,18004,4.496e+05,28835,18912,34244,16569,11563,15413,51802,8916.5,10298,5340.5,8359.1,5638.2,11141,10274,9108.3,18742,23099,2.7943e+05,15450,26366,13489,1.2847e+05,15946,11067,17309,9108,9461.5,16115,18403,12544,50340,23447,36303,14878,52353,9792.8,47571,6138,3698.7,11495,7481.5,4057.2,6367.2,3237,4105.8,15259,15059,14071,21434,20034,63549,3549.2,5954.5,7337.1,4343.5,3830.6,5167.5,2359.1,4385,4199.4,14168,36405,20543,34543,18503,55150,2.7193e+05,18813,21379,13535,1.8568e+05,16022,13466,11870,34378,21483,1.2084e+05,17137,22852,61406,81834,9868,8343.9,21532,2.9354e+05,9320.3,85280,62522,20374,21554,20965,13844,10282,8903,62948,16261,21783,25491,43690,13841,13130,69040,66788,17166,18031,4.2051e+05,31195,26122,49045,33267,1.1823e+05,32109,29514,43597,20925,16400,62024,17872,22676,95708,13726,55011,16403,30765,39447,17629,27947,13960,21112,10364,20777,93732,94407,47637,18708,2.0844e+05,53124,76729,6.8146e+05,40471,3.1539e+05,49333,91301,56963,53511,72539,1.2517e+05,50739,63763,88841,44648,23215,33960,13802,16314,27422,34090,1.5752e+05,35063,19157,26343,24626,44314,19997,27847,57415,73916,33071,53087,1.6346e+05,11996,32052,47062,15263,32458,28521,27580,43947,1.2197e+05,28773,7376.1,27158,19383,78588,6496,38117,31076,19285,18556,10539,37907,11326,39541,11853,10988,7997.6,9522.2,6786.5,5911.8,5551.5,6235.6,6079.4,20155,14756,54291,4619.6,3398.3,5267.5,5406.4,1990.6,6074.2,2416.7,7729.1,4110.8,13236,10457,11884,7087.7,4474.2,24653,9743.3,5232.1,5596.4,5885.6,6787.6,3331.2,5072.4
8.3637e+08,5.6792e+08,5.6324e+08,5.6271e+08,5.6361e+08,5.4922e+08,5.6166e+08,5.5015e+08,5.4485e+08,5.2998e+08,5.1832e+08,5.0495e+08,4.9051e+08,4.8882e+08,4.796e+08,4.6359e+08,4.6144e+08,4.2173e+08,3.7398e+08,3.7612e+08,3.6934e+08,3.4557e+08,3.1964e+08,3.138e+08,3.227e+08,2.8973e+08,3.0565e+08,2.8699e+08,2.9522e+08,2.453e+08,2.6112e+08,2.2513e+08,2.2267e+08,2.1335e+08,2.1019e+08,2.383e+08,2.1145e+08,1.7301e+08,1.5829e+08,1.5241e+08,1.5158e+08,2.3365e+08,1.5252e+08,1.3638e+08,1.2441e+08,1.2487e+08,1.2063e+08,1.3097e+08,1.1478e+08,1.2538e+08,1.1389e+08,9.7602e+07,1.0301e+08,9.6481e+07,1.1349e+08,1.1129e+08,1.3695e+08,9.5845e+07,1.0095e+08,9.7298e+07,2.7681e+08,1.4011e+08,2.1323e+08,1.1125e+08,8.8287e+07,1.6365e+08,1.0187e+08,1.0392e+08,1.0866e+08,9.3222e+07,1.2746e+08,8.1614e+07,3.2538e+08,1.5803e+08,1.6715e+08,1.4474e+08,1.0796e+08,7.4691e+07,2.3141e+08,6.753e+07,1.8457e+08,1.1499e+08,9.7858e+07,9.4715e+07,8.8616e+07,1.6068e+08,1.1582e+08,1.577e+08,7.7017e+07,8.9163e+07,8.7784e+07,5.2098e+07,1.9358e+08,3.496e+07,7.0002e+07,3.8229e+07,2.3182e+07,4.3324e+07,3.3069e+07,3.3707e+07,2.5217e+07,5.4827e+07,3.4603e+07,2.3397e+07,2.1523e+07,2.685e+07,1.8061e+07,1.6214e+07,1.4386e+07,1.4887e+07,6.8474e+07,1.3176e+07,8.8568e+06,7.7759e+06,1.0176e+07,1.2267e+07,1.4852e+07,2.6214e+07,8.5554e+06,7.2906e+06,7.8777e+06,5.9126e+06,5.0812e+06,3.3133e+06,4.0244e+06,2.8476e+06,3.7107e+06,2.9695e+06,2.7395e+06,2.494e+06,2.3377e+06,4.559e+06,8.1761e+06,3.1803e+07,1.9846e+06,9.3337e+06,3.6498e+06,1.5225e+06,4.0744e+06,6.5733e+06,6.622e+06,1.9435e+06,2.1542e+06,1.4112e+06,1.6969e+06,1.5123e+06,3.7646e+06,2.8414e+06,2.779e+06,2.8367e+06,1.7141e+06,2.4172e+07,1.1766e+06,4.4197e+06,1.3332e+06,7.9107e+05,1.0363e+06,5.7651e+05,7.8543e+05,4.1249e+05,5.3848e+05,5.3113e+05,3.4226e+06,3.4012e+05,4.1145e+05,4.084e+05,8.7423e+05,1.6585e+06,3.7096e+05,1.7154e+06,4.0916e+05,3.0015e+05,2.0828e+05,2.28e+05,3.1395e+05,2.878e+05,3.7322e+05,1.6176e+05,1.6003e+05,1.8533e+05,1.2531e+05,1.1229e+05,1.0902e+05,87136,1.0159e+05,1.0252e+05,77501,64652,79453,61840,64799,54284,59526,57001,1.0354e+05,55963,35506,33739,35080,15403,16686,16849,16380,20508,9698.2,11768,9383.8,10504,10444,8284.7,6191.9,10394,6658.9,5747.8,10798,6161.1,5134.5,6024.6,4333.9,12730,6238.1,5416.6,4404.9,5287.2,3356.7,3228.8,2288.1,2382.9,1784.6,2526.6,1716.7,1828,1249.4,1608.1,1480.2,2306.8,964.08,1418.9,972.78,6028.8,83015,1330.9,7691.5,1165.3,581.91,969.04,601.47,770.45,970.79,747.69,818.78,369,417.48,311.36,529.45,87576,540.76,1377.1,674.33,725.37,1049.8,417.91,366.36,515.05,531.35,392,229.09,243.62,221.58,327.45,446.87,292.48,206.77,242.36,405.35,208.8,191.27,111.12,181.39,219.01,161.52,165.26,160.89,122.57,112.56,128.54,99.497,91.406,89.66,90.391,86.904,84.023,80.862,78.543,81.743,85.552,80.215,86.197,81.798,81.795,75.975,73.007,73.591,73.273,73.813,100.69,68.584,85.72,69.218,71.484,71.501,76.31,75.557,74.538,74.183,77.109,116.41,65.082,99.228,63.646,65.876,67.779,70.104,64.664,73.239,70.43,61.95,69.031,72.75,68.132,72.059,63.045,87.455,82.379,57.913,60.883,67.201,64.562,60.066,60.872,57.339,61.606,59.889,55.994,57.25,56.404,55.406,55.919,54.952,58.811,55.316,53.905,54.455,53.802,52.86,52.932,52.8,52.191,52.369,51.457,52.397,53.584,51.853,55.002,51.437,50.871,53.008,51.967,50.867,51.215,50.867,50.786,52.357,50.067,49.924,50.222,49.985,49.876,48.783,50.988,49.196,48.933,48.67,48.848,51.243,48.171,53.789,50.089,49.139,48.599,50.016,52.836,49.162,49.178,49.327,51.967,48.026,47.278,47.488,49.82
4.425e+08,3.3245e+08,3.2828e+08,3.248e+08,3.0861e+08,3.0578e+08,3.0145e+08,2.831e+08,2.8513e+08,2.5641e+08,2.5761e+08,2.5824e+08,2.5365e+08,2.2259e+08,2.0205e+08,1.8303e+08,1.9098e+08,1.6933e+08,1.4865e+08,1.2047e+08,1.3698e+08,1.1462e+08,1.9209e+08,9.9142e+07,1.0699e+08,8.7781e+07,6.8655e+07,6.2611e+07,4.6266e+07,3.0227e+07,3.9381e+07,6.133e+07,3.3223e+07,2.8302e+07,2.7892e+07,3.1071e+07,2.7132e+07,2.8e+07,2.0756e+07,2.3085e+07,2.3922e+07,1.6537e+07,2.0413e+07,1.8949e+07,1.8474e+07,1.6157e+07,1.4942e+07,1.2721e+07,1.0474e+07,1.2427e+07,1.57e+07,8.9664e+06,1.2695e+07,7.4347e+06,6.1244e+06,7.0228e+06,1.1935e+07,2.7379e+06,5.2392e+06,4.7646e+07,3.8546e+06,7.1814e+06,7.7296e+06,3.2457e+06,8.8999e+06,3.4896e+06,6.6973e+06,4.5314e+06,8.5662e+07,5.4476e+06,2.859e+06,3.502e+06,2.6886e+06,4.5943e+06,3.3059e+06,3.2634e+06,2.2825e+06,2.6216e+06,1.6673e+06,2.9213e+06,1.9583e+06,5.5711e+06,1.6111e+06,1.7865e+06,1.2862e+06,1.9177e+06,1.9861e+06,1.677e+06,1.8631e+06,1.2771e+06,1.9228e+06,1.024e+06,6.7027e+05,1.3375e+06,1.0489e+06,1.337e+06,7.288e+05,4.8896e+05,3.6261e+05,4.4136e+05,7.0422e+05,5.0415e+05,5.1507e+05,4.7967e+05,4.5423e+05,2.6267e+05,2.8721e+05,2.6715e+05,4.1069e+05,2.741e+05,3.3107e+05,2.0949e+05,1.7853e+05,2.777e+05,4.0561e+05,2.1641e+05,4.3988e+05,4.4792e+05,6.208e+05,2.4727e+05,1.6172e+05,1.6183e+05,94343,6.3834e+05,1.3488e+06,1.2679e+05,72554,1.8976e+05,1.0513e+05,1.2685e+05,3.1062e+05,1.4139e+05,1.523e+05,2.6659e+05,1.1613e+05,3.1695e+05,67066,2.8021e+05,3.9568e+05,95812,1.2873e+05,2.9187e+05,1.3696e+05,59290,65213,1.0637e+05,55997,55252,89915,42869,42597,64154,57960,49098,30254,38913,32424,29551,26627,25849,23803,22105,27041,19116,19159,18536,15749,23377,24841,12677,11779,13319,11350,11277,11159,9610.3,9601.2,9164.9,9581.2,11297,12026,10716,8570.3,7356.7,8735.8,9687.6,6914.8,7237.3,5568.7,6607,5433.9,4664.2,6310.2,4007.3,4785.1,3655.6,3252.5,3666.2,3438.6,3022.4,5743,3552.6,3187.3,2617.5,2983.8,2336,2386.7,2562.4,2550.5,2208.5,1998.3,2016.4,1703.1,1756.4,1645.2,1666.8,1608.3,1473.1,1544.6,1625.5,1381.4,1386.7,1324.2,1336.5,1328.3,1318.2,1287.3,1259.5,1575,1253.6,1051,1307.3,1133.9,1005.4,1002,988.89,922.39,928.83,910.6,884.57,931.51,939.21,802.87,730.6,732.95,677.76,749.1,645.96,542.98,339.53,339.18,347.52,328.05,289.05,266.96,313.16,198.71,306.88,380.51,230.93,242.46,247.92,209.03,183.08,836.41,177.84,175.22,252.24,286.56,180.43,225.52,525.5,182.13,365.31,182.25,154.23,156.65,158.27,170.82,147.13,148.51,139.43,141.25,134.12,132.93,129.25,125.08,124.69,119.57,106.09,107.88,106.53,104.19,111.98,104.79,116.09,102.44,102.56,108.43,95.963,93.099,91.898,83.739,82.273,90.231,122.75,76.393,76.655,79.253,85.614,83.364,77.213,95.611,87.012,74.451,72.185,74.075,73.177,70.928,73.703,80.069,92.955,83.845,91.475,78.966,84.917,113.46,94.975,85.862,123.22,83.554,89.824,103.17,115.88,83.08,78.888,94.789,106.98,97.236,85.619,175.26,92.098,124.96,89.721,77.501,74.306,80.145,139.26,87.094,73.74,78.343,73.092,72.201,67.279,71.154,72.021,67.453,70.592,69.094,65.775,73.958,63.785,67.073,63.483,65.366,63.257,62.668,67.501,61.684,62.065,61.921,60.631,62.582,59.127,61.122,59.613,57.64,56.788,57.121,56.497,57.092,56.262,56.637,54.984,56.211,58.968,59.352,54.988,54.667,53.205,53.642,54.187,53.227,53.775,53.853,53.529,52.652,52.58,51.627,51.284
6.1363e+08,6.0302e+08,5.9598e+08,5.8793e+08,5.8729e+08,5.7788e+08,5.7445e+08,5.6599e+08,5.7609e+08,5.4787e+08,5.2016e+08,5.2832e+08,5.2337e+08,4.9541e+08,4.919e+08,4.4111e+08,4.0043e+08,3.8494e+08,3.1989e+08,2.9428e+08,3.1494e+08,2.3282e+08,2.5002e+08,2.4189e+08,2.3786e+08,2.1433e+08,2.1951e+08,2.0013e+08,1.6484e+08,1.4779e+08,1.6302e+08,1.5004e+08,1.3793e+08,1.2622e+08,1.1022e+08,1.0876e+08,9.3943e+07,9.1228e+07,8.3751e+07,1.2038e+08,7.372e+07,1.6551e+08,6.943e+07,6.5739e+07,7.4773e+07,5.8179e+07,5.8941e+07,4.499e+07,4.3094e+07,3.8743e+07,4.294e+07,3.1341e+07,2.7285e+07,2.2083e+07,1.6634e+07,2.2128e+07,8.8809e+06,9.0436e+06,9.935e+06,7.8612e+06,2.0061e+07,5.8086e+06,4.5517e+06,5.1757e+06,7.6849e+06,3.7496e+06,2.3254e+07,5.7806e+06,8.4249e+06,3.6889e+06,3.3559e+06,4.3164e+06,6.0944e+06,2.743e+06,2.1755e+06,4.6934e+06,3.5023e+06,5.3436e+06,5.8684e+06,5.2189e+06,3.8676e+06,7.6125e+06,2.422e+07,5.6352e+06,8.8222e+06,9.0274e+06,5.3856e+06,2.8504e+07,1.4782e+07,7.2414e+06,1.0531e+07,8.4025e+06,8.3797e+06,6.2165e+06,7.8968e+06,7.6402e+06,5.2796e+06,4.4038e+06,6.8658e+06,3.2111e+06,3.5336e+06,4.8754e+06,9.2498e+06,1.4339e+07,1.4499e+06,1.907e+06,1.5478e+06,1.5532e+06,3.9813e+06,1.3412e+06,8.0592e+06,1.7738e+06,2.6389e+06,2.0213e+06,5.0419e+06,4.8141e+06,3.3984e+06,1.1919e+07,8.1101e+06,3.1773e+06,3.0491e+06,3.3827e+06,3.3054e+06,2.9241e+06,4.8256e+06,2.0544e+06,3.1857e+06,2.7093e+06,9.5988e+06,3.0714e+06,1.9424e+06,2.2116e+06,3.172e+06,1.0442e+07,3.4987e+06,1.3747e+06,7.0527e+06,1.4888e+06,9.9747e+05,1.0729e+06,9.3993e+05,2.0923e+06,1.6309e+06,1.9034e+06,4.0521e+07,2.208e+06,4.2301e+06,9.266e+06,2.7688e+08,5.6389e+07,6.2001e+07,1.1531e+07,1.8621e+07,3.1562e+07,4.5215e+08,5.2902e+07,2.0953e+08,7.7715e+08,8.1676e+07,5.8368e+07,1.756e+08,3.27e+08,1.1369e+08,2.2741e+08,7.7718e+07,9.2103e+07,7.3514e+07,5.8794e+07,1.6e+08,6.9994e+07,1.134e+08,1.3522e+08,1.246e+08,7.7803e+07,1.1452e+08,2.9646e+08,4.8458e+08,2.3092e+08,1.3797e+08,2.1554e+08,1.074e+08,8.0977e+08,1.6085e+08,1.9409e+08,2.2987e+08,6.4076e+07,5.8545e+07,1.7148e+08,1.1592e+08,1.8072e+08,3.1031e+08,1.9925e+08,8.8787e+07,7.2057e+07,1.4003e+08,9.7615e+07,2.0739e+08,1.4829e+08,1.004e+08,1.1824e+08,8.7625e+07,8.9211e+07,1.5485e+08,3.4826e+08,1.7661e+08,8.9133e+07,1.0332e+08,1.7504e+08,1.0929e+08,1.6248e+08,1.0883e+08,1.0355e+08,6.3986e+07,6.4377e+07,6.2152e+07,1.2264e+08,6.3928e+07,9.8712e+07,8.0233e+07,5.538e+07,1.8946e+08,2.4649e+07,2.3732e+07,4.0507e+07,1.9742e+07,1.6871e+07,2.0468e+07,2.6264e+07,1.5004e+07,1.7666e+07,2.0295e+07,2.3835e+07,8.3671e+07,1.8724e+07,1.3084e+07,1.0591e+07,1.0811e+07,1.1535e+07,8.9232e+06,8.6062e+07,1.7595e+07,1.9734e+07,6.3379e+07,1.5912e+07,5.7995e+07,2.7701e+07,9.6236e+06,3.5664e+07,1.5934e+07,1.7784e+07,4.5336e+06,6.0903e+06,8.6105e+06,6.4517e+06,5.8987e+06,8.5445e+06,6.5694e+06,5.632e+06,1.3202e+07,6.2112e+06,5.2813e+06,5.63e+06,6.9875e+06,8.6416e+06,6.2275e+06,2.7196e+06,3.3626e+06,3.9609e+06,4.2774e+06,3.171e+06,5.4237e+06,2.7953e+06,5.6149e+06,4.2911e+06,1.7725e+06,2.1429e+06,3.0917e+06,3.498e+06,3.5981e+06,1.9758e+06,1.7882e+06,3.7168e+06,2.9571e+06,5.3772e+06,1.9097e+06,1.5092e+06,1.7342e+06,3.6873e+06,1.9344e+06,1.3491e+06,1.8653e+06,1.865e+06,2.5136e+06,1.0117e+06,1.7532e+06,7.1451e+06,1.5628e+06,2.0186e+06,1.4566e+06,2.7587e+06,1.0721e+07,4.6015e+06,1.685e+06,6.2073e+06,8.3058e+05,2.7751e+06,1.5192e+06,9.4122e+05,8.6234e+06,1.4166e+06,1.2111e+06,1.51e+06,1.5687e+06,9.6344e+05,9.874e+05,1.1945e+06,2.5093e+06,5.281e+05,7.3195e+05,3.7196e+05,1.0284e+06,3.0103e+05,3.9277e+05,3.448e+05,3.1361e+05,4.0391e+05,4.5007e+05,2.8886e+05,3.7169e+05,2.6223e+05,1.5212e+05,1.7156e+05,5.8255e+05,3.389e+05,89332,88131,94265,3.3403e+05,1.5512e+05,1.0949e+05,3.2038e+05,1.8872e+05,2.9982e+05,1.197e+06,3.1566e+05,1.4783e+05,1.5651e+05,5.5447e+05,4.4505e+05,6.683e+05,1.6345e+05,2.863e+05,8.7456e+05,1.5275e+06,1.7213e+06,7.8196e+05,5.2831e+05,3.7552e+05,2.2948e+05,2.4021e+06,2.2862e+05,4.7285e+05,2.8942e+05,2.6968e+05,2.7283e+05,2.2697e+05,3.6644e+05,3.371e+05,1.6934e+05,3.4461e+05,1.2503e+05,64975,73901,2.4209e+05,64809,69798,47496,65988,41516,88190,58458,50359,43323,49052,53309,31796,1.7207e+05,28262,24877,32987,23400,40722,18497,10779,14241,66761,9860.4,16939,68169,17139
4.4758e+08,4.494e+08,4.4119e+08,4.4335e+08,4.1463e+08,4.1249e+08,4.0433e+08,3.8914e+08,3.556e+08,3.9303e+08,3.4848e+08,3.3787e+08,3.2849e+08,3.2574e+08,3.1998e+08,3.1616e+08,2.9638e+08,3.0026e+08,2.761e+08,2.5734e+08,2.6985e+08,2.486e+08,2.2178e+08,2.1106e+08,2.1368e+08,2.0068e+08,1.9545e+08,1.7252e+08,1.3725e+08,1.3222e+08,1.2235e+08,1.1951e+08,1.0017e+08,9.2539e+07,9.9686e+07,9.0497e+07,7.022e+07,7.4545e+07,7.2371e+07,6.229e+07,6.1743e+07,5.8318e+07,4.7475e+07,4.5255e+07,3.996e+07,3.2798e+07,3.2344e+07,3.1388e+07,2.9685e+07,2.5753e+07,2.4314e+07,2.3198e+07,2.166e+07,2.0621e+07,2.0136e+07,1.9652e+07,1.8916e+07,1.9914e+07,1.6639e+07,1.6554e+07,1.6376e+07,1.4808e+07,1.4328e+07,1.3411e+07,1.3067e+07,1.3761e+07,1.5858e+07,1.6101e+07,1.1659e+07,1.1244e+07,1.0628e+07,8.5819e+06,8.8627e+06,8.4121e+06,8.5077e+06,6.9167e+06,6.6078e+06,7.972e+06,6.9232e+06,6.2099e+06,6.0226e+06,7.6336e+06,5.3454e+06,4.3322e+06,4.9179e+06,4.3962e+06,4.2838e+06,8.322e+06,4.1714e+06,5.0567e+06,4.5419e+06,3.863e+06,5.8567e+06,5.0922e+06,5.8241e+06,4.8503e+06,4.3846e+06,2.6423e+06,9.1842e+06,3.9705e+06,4.5284e+06,2.2688e+06,2.23e+06,2.1413e+06,1.7269e+06,1.6035e+06,1.4722e+06,1.2203e+06,1.2312e+06,1.0581e+06,1.2528e+06,9.3022e+05,1.0397e+06,8.7011e+05,1.0268e+06,7.4498e+05,7.3312e+05,9.6171e+05,7.3412e+05,8.3793e+05,6.8935e+05,6.0636e+05,4.0832e+05,4.8016e+05,4.2127e+05,4.9041e+05,4.807e+05,5.4829e+05,4.6151e+05,4.0972e+05,7.3083e+05,2.8889e+05,3.7856e+05,4.3331e+05,2.6101e+05,2.8767e+05,6.1404e+05,1.0189e+06,2.7594e+05,7.7354e+05,1.3066e+06,2.0494e+05,9.8281e+05,8.478e+05,2.5215e+05,8.884e+05,6.5854e+05,6.7258e+05,3.3985e+06,1.3444e+05,1.8037e+05,5.1151e+05,1.8897e+05,95755,1.1815e+05,3.086e+05,98851,93702,1.0711e+05,66297,82155,1.5768e+05,1.0613e+05,1.0689e+05,2.4199e+05,1.6096e+05,1.498e+05,1.3781e+05,93216,97446,80489,75406,3.4662e+05,1.037e+05,2.6755e+05,91535,48753,54234,43769,47686,48388,34066,25351,30062,54251,23427,50095,27382,1.045e+05,22392,16014,24789,16219,17670,19366,14591,15159,13705,14807,22346,12864,11217,14944,12256,11387,12067,16631,7443.2,60537,17142,44351,10184,32976,5830.5,4074.5,4693.6,5447.2,2617.8,2622.1,5886.3,2491.9,2374.8,2757.1,4212.7,6234.4,3402.4,4018.4,5048.5,2391.8,7603,3622.1,3180.1,2028.2,2150.9,2042.1,2516,3280.3,2538,2594.1,1813.7,2490,2303.7,1328.5,1317.3,11078,2487.8,1190.3,2748.1,4155.4,4177.5,4699.4,2427.5,2708.1,1590.3,1307,8141.1,2641.3,1653.2,12338,1193.6,889.74,1247.1,2105.6,2492.8,43730,3700.5,1132.9,3220.2,2403.1,2688.2,1009.6,2230.4,2660.9,2154.4,2233.3,2720.1,2504.5,30566,1929.4,1123.9,911.08,1206.3,1203.3,2825.5,884.51,1360.3,1633,672.59,480.83,887.13,474.25,461.26,431.26,378.52,535.17,418.6,365.55,389.05,305.1,309.67,305.87,324.52,302.58,268.23,322.42,277.59,253.55,235.12,239.35,274.66,243.45,255.63,203.53,224.21,209.5,199.5,222.63,193.85,220.15,209.35,207.46,199.79,254.63,227.93,233.67,196.76,213.24,253.04,202.97,206.75,199.67,202.54,215.64,203.77,207.75,198.7,190.93,198.78,192.96,187.76,185.07,226.37,190.76,179.74,167.98,155.1,157.86,162.81,154.25,148.07,146.94,142.69,139.57,138.55,136.2,133.85,132.55,129.86,135,122.81,128.71,127.52,126.68,124.21,127.54,124.47,125.2,121.94,122.89,120.65,117.05,121.38,116,116.55,115.8,114.14,121.05,119.8,115.13,117.47,112.9,112.98,114.85,110.43,110.16,108.95,110.5,108.27,110.65,107.13,107.91,108.46,108.49,109.88,109.63,108.03,117.23,106.93,107.04,111.42
7.1943e+08,6.9613e+08,6.0647e+08,6.0073e+08,5.9515e+08,5.9457e+08,5.8943e+08,5.9091e+08,5.8579e+08,5.8151e+08,5.6692e+08,5.4718e+08,5.3351e+08,5.1583e+08,4.9745e+08,4.9737e+08,4.6836e+08,4.4939e+08,4.2575e+08,4.2846e+08,4.312e+08,3.8469e+08,3.8051e+08,3.5414e+08,3.0751e+08,2.9633e+08,3.1347e+08,2.1586e+08,2.0631e+08,2.5416e+08,2.2271e+08,1.486e+08,1.6078e+08,1.5056e+08,1.528e+08,1.1582e+08,9.3349e+07,1.3402e+08,1.2724e+08,1.0111e+08,1.2623e+08,1.035e+08,8.5224e+07,6.1486e+07,8.8885e+07,5.2585e+07,7.6379e+07,5.6823e+07,3.6034e+07,6.8758e+07,3.6968e+07,4.2778e+07,3.8038e+07,4.0476e+07,2.5052e+07,2.8324e+07,3.4977e+07,7.5448e+07,3.7666e+07,4.0557e+07,9.7728e+07,3.5785e+07,4.0878e+07,3.9918e+07,2.0653e+07,2.9325e+07,3.7228e+07,1.6008e+07,1.1068e+07,1.0998e+07,1.2235e+07,7.9763e+06,1.1355e+07,1.4828e+07,7.2486e+06,7.5623e+06,7.8209e+06,1.6903e+07,3.2947e+07,7.3059e+06,1.9531e+07,5.6722e+06,2.1535e+07,9.1827e+06,2.8696e+07,2.4471e+07,2.0094e+07,2.2933e+07,2.1591e+07,1.9555e+07,1.3057e+07,1.6067e+07,9.4438e+06,9.1326e+06,1.0136e+07,1.5798e+07,8.9336e+06,9.038e+06,1.2607e+07,8.6971e+06,1.113e+07,6.2885e+06,6.4799e+06,1.259e+07,1.3918e+07,7.2777e+06,5.7141e+06,6.3214e+06,8.5068e+06,5.7523e+06,5.5727e+06,4.2921e+06,2.3457e+07,3.9842e+06,6.1674e+06,2.9656e+06,3.4743e+06,6.4379e+06,1.9954e+06,1.6417e+06,4.4866e+06,2.4731e+06,1.5156e+06,1.4346e+06,2.1e+06,9.4315e+05,8.3808e+05,9.0289e+06,1.2581e+06,7.2214e+05,7.5238e+05,1.2303e+06,3.6296e+06,5.8843e+05,5.21e+05,3.0784e+06,1.586e+07,2.7423e+05,1.2491e+06,3.8668e+05,3.3609e+05,4.7929e+05,5.913e+05,5.4639e+05,1.1244e+06,2.9179e+05,3.8291e+05,7.7656e+05,4.3678e+05,8.1785e+05,4.4916e+05,6.6659e+05,4.8482e+06,1.5243e+06,3.103e+06,4.1827e+05,5.8868e+05,1.6945e+06,1.0799e+06,3.653e+07,6.0222e+05,1.7871e+05,2.3574e+05,3.0954e+05,2.6018e+05,2.3503e+05,2.3329e+05,1.7671e+06,5.6359e+05,6.8086e+05,2.2698e+05,3.1395e+05,7.4394e+05,8.0882e+05,4.8504e+05,4.7951e+05,2.7265e+05,3.0679e+05,4.9473e+05,2.7555e+05,2.0225e+05,2.3126e+05,2.1536e+05,1.9225e+05,2.4484e+05,1.3936e+05,1.904e+05,1.4734e+05,2.7753e+05,92538,2.013e+05,1.8633e+05,4.3396e+05,1.555e+05,2.5495e+05,3.6915e+05,1.5846e+05,1.7949e+05,8.0767e+05,2.7119e+05,65324,90126,59515,57868,60077,55993,43810,39966,80911,18172,34178,27362,30180,1.3414e+05,34830,32200,19203,19285,16632,29302,12395,38777,3.9032e+05,35153,12334,5590.3,7274.7,16421,10702,4329,5247,9985.4,30453,3908.8,19213,10261,7236,6714.1,13454,31241,21887,21757,7197.8,13224,40076,29845,14552,21251,32984,6641.4,8264,3448.5,16014,2.0072e+05,40919,6107,6208.3,89969,7635.1,16555,10722,10020,15391,13960,23132,7996.6,10444,5985,5021,15460,14815,10157,9442.8,13908,4064.6,3895.7,2707.9,2597.6,2397.8,2050.4,2104.7,1616.4,1593.6,1366.2,1479.2,1260.7,1429.4,1298.1,1345.1,1191.4,947.57,934.11,922.39,1120.1,1048.8,909.41,894.54,707.35,827.21,816.32,924.61,733.58,666.77,848.46,643.9,657.76,680.53,561.6,630.48,526.29,530.59,582.48,566.58,489.23,617.69,464.65,447.88,401.92,415.74,379.35,367.57,352.88,382.22,319.18,338.18,500.91,481.87,366.67,295.43,236.08,197.21,200.18,321.31,239.92,188.8,563.9,397.8,165.99,252.8,170.62,187.97,194.32,168.1,268.18,144.78,173.62,124.08,142.87,125.48,134.36,333.5,115.89,152.65,134.75,170.04,186.11,136.7,265.27,139.46,372.77,142.24,133.32,152.04,153.73,127.19,267.87,117.07,114.81,109.23,111.95,97.768,130.88,101.94,100.29,99.44,87.947,87.341,91.425,90.747,153.12,80.511,86.818,74.526,79.055,74.61,80.013,75.992,80.535,68.906,76.594,70.786,72.04,68.128,67.019,66.681,68.657,106.53,64.603,62.78,67.422
1.3576e+09,5.9478e+08,5.8513e+08,5.7665e+08,5.7025e+08,5.6045e+08,5.552e+08,5.5467e+08,5.3974e+08,5.3604e+08,5.3084e+08,5.3518e+08,5.2512e+08,5.1459e+08,5.0763e+08,4.9521e+08,4.8909e+08,4.7832e+08,4.6193e+08,4.406e+08,4.1919e+08,3.5581e+08,3.0568e+08,3.2443e+08,2.9316e+08,3.3504e+08,4.9616e+08,3.005e+08,1.2782e+09,2.7658e+08,2.3505e+08,2.9711e+08,2.3624e+08,2.0946e+08,2.2139e+08,2.0821e+08,1.9607e+08,1.8042e+08,1.6917e+08,1.7158e+08,1.7208e+08,1.5171e+08,1.4967e+08,1.455e+08,1.3215e+08,1.3846e+08,1.379e+08,1.2421e+08,1.2717e+08,1.2204e+08,1.2026e+08,1.0817e+08,1.0361e+08,9.8535e+07,1.0621e+08,1.2816e+08,1.0812e+08,9.7068e+07,9.3054e+07,9.828e+07,8.4776e+07,7.6837e+07,8.2243e+07,7.3226e+07,6.3743e+07,1.7439e+08,6.2397e+07,6.8019e+07,1.6179e+08,9.6275e+07,9.3042e+07,5.4293e+07,5.9237e+07,6.862e+07,5.3706e+07,4.4888e+07,5.7705e+07,4.0807e+07,1.9666e+07,2.9711e+07,1.7889e+07,1.7722e+07,2.1423e+07,2.3511e+07,1.7753e+07,7.5823e+07,1.5479e+07,8.7079e+06,8.047e+06,1.003e+07,7.4698e+06,6.2418e+06,6.2739e+06,9.4433e+06,6.3014e+06,7.0712e+06,8.9894e+06,1.6281e+07,4.351e+06,6.8351e+06,7.444e+06,5.2098e+06,5.0827e+06,6.0757e+06,4.3825e+06,2.3018e+06,2.6954e+06,2.066e+06,2.0676e+06,2.5127e+06,2.7958e+06,1.842e+06,1.7647e+06,1.4285e+06,1.9691e+06,1.4704e+06,2.2423e+06,1.8023e+06,1.1544e+06,1.2514e+06,3.185e+06,8.7046e+05,8.9748e+05,1.0619e+06,1.6902e+06,7.292e+05,4.9894e+05,6.0004e+05,5.8514e+05,5.9729e+05,6.952e+05,6.5816e+05,3.1113e+06,8.0213e+05,9.9842e+06,6.2365e+05,1.1995e+07,5.1757e+06,1.9622e+06,3.2231e+06,1.5922e+06,1.7845e+06,2.71e+06,1.8054e+06,3.3134e+06,2.5636e+06,7.8256e+05,9.6437e+05,7.1116e+05,8.1412e+05,1.1806e+06,1.3613e+06,1.0259e+06,8.1173e+05,2.2848e+06,1.7805e+06,3.7365e+06,1.2872e+06,1.0818e+06,1.7791e+06,4.9279e+05,1.2715e+06,1.806e+06,3.7487e+05,7.8715e+05,2.4778e+06,7.7268e+05,4.4983e+05,3.7484e+05,1.0143e+06,5.2215e+05,8.6761e+05,4.7636e+05,8.516e+05,6.2346e+05,7.2524e+05,4.8004e+05,8.4511e+05,4.1569e+05,4.4749e+05,4.6835e+05,7.5105e+05,1.0953e+06,6.4276e+05,3.1254e+05,9.1246e+05,3.4365e+05,4.1565e+05,6.2246e+05,2.2965e+05,2.2759e+05,1.8497e+05,2.3193e+05,1.2849e+05,1.7234e+05,1.4838e+05,2.7903e+05,1.0523e+05,75292,4.4958e+05,8.2931e+05,75443,89398,55445,61537,52926,51109,55275,37020,31983,67618,25913,32305,48918,56482,33283,21647,5.3365e+05,25913,42086,32839,1.1058e+05,61017,35949,29947,38389,21492,31240,46001,40732,26458,28338,38260,43847,5.5345e+05,12967,22435,14627,20670,42660,13469,41604,2894.3,17932,7570.2,6699.5,1.7626e+05,8884.5,7215.6,8068.5,6248.4,17129,5125.3,5990.1,6152.2,6752.9,9566.9,15778,4416.7,46108,6820.3,9175.8,8208,1.5325e+06,11476,7971.7,10034,13181,7550.8,7181.2,6057.1,3905.4,3858,62825,5319,6893.6,9042.4,3265.7,5185.5,15589,3948.3,3908.2,3135.4,3025.5,2307,3334.3,1695.2,3289.8,2265.7,2257.2,25500,2939.1,1532.8,4957.5,7838,2824.3,3388.3,9780.9,16425,2869.7,3769.1,2966.2,2576,3432.8,40079,3722.7,6242.3,73879,9821.7,16889,4550.1,7276.5,5445.1,3808.1,19001,4135.4,11189,3587.9,4463.6,5176.4,14246,6418.3,3902.5,2513,2382.9,2440.8,4279,2185.1,2498.2,1869.3,1598.7,1519.6,1620.7,1562.1,2070,1204.4,1208,1304.7,1136.7,988.77,813.81,972.62,858.34,754.28,723,690.14,579.49,667.54,557.45,1134.9,466.03,365.4,1492.6,954.23,382.43,520.88,455.1,488.91,322.01,257.64,358.11,310.97,1246.2,187.61,360.09,274.89,226.5,274.26,366.57,165.87,195.26,280.05,431.81,26984,322.84,439.19,160.44,200.57,257.11,255.25,152.53,187.48,421.85,329.63,310.85,208.83,348.5,318.25,396.15,200.51,213.71,158.7,255.72,124.45,128.67,163.84,125.39,119.62,110.14,102.72
8.6461e+08,5.9175e+08,5.8698e+08,5.8446e+08,5.7487e+08,5.6232e+08,5.6297e+08,5.5508e+08,5.4338e+08,5.4024e+08,5.211e+08,5.1581e+08,5.1184e+08,5.0289e+08,4.9553e+08,4.7157e+08,4.3002e+08,4.1268e+08,4.136e+08,4.0027e+08,3.9199e+08,3.8934e+08,3.7969e+08,3.8501e+08,3.1364e+08,3.3232e+08,3.0342e+08,2.9119e+08,2.5211e+08,3.2466e+08,2.2305e+08,2.5968e+08,1.5745e+08,2.0429e+08,2.0406e+08,2.031e+08,2.4077e+08,1.9316e+08,1.8702e+08,1.2712e+08,1.2987e+08,1.4695e+08,1.2432e+08,1.0945e+08,7.8396e+07,2.2052e+08,1.297e+08,1.1439e+08,4.6212e+07,5.2865e+07,4.6962e+07,7.6883e+07,3.4838e+07,4.0451e+07,4.2823e+07,3.475e+07,3.3135e+07,2.5297e+07,2.5053e+07,2.7138e+07,2.5627e+07,6.5282e+07,8.6325e+07,5.8738e+07,1.9433e+07,4.0511e+07,4.4568e+07,3.347e+07,6.1949e+07,6.0172e+07,1.386e+08,2.4757e+08,5.1295e+07,2.2538e+08,3.0847e+08,1.1055e+08,1.8307e+08,9.0276e+07,5.861e+07,1.6746e+08,4.5946e+08,1.7904e+08,8.8913e+07,3.3843e+07,5.0719e+07,3.2958e+07,5.0521e+07,2.3346e+07,5.6086e+07,2.4662e+07,2.83e+07,4.1441e+07,3.0814e+07,1.6004e+08,3.3369e+07,4.968e+07,1.9408e+08,5.2249e+07,2.8877e+07,8.1689e+07,3.2976e+07,2.1931e+07,3.3633e+07,3.5053e+07,6.2336e+07,9.3544e+07,1.7778e+08,1.8618e+08,2.0112e+07,6.0249e+07,2.3607e+07,1.9312e+08,4.3994e+07,5.0471e+07,4.6328e+07,6.072e+08,4.0744e+07,1.7676e+08,2.6116e+07,3.8224e+07,3.7597e+07,4.5416e+07,6.131e+08,3.3561e+07,1.9568e+08,6.6767e+07,4.073e+07,2.0158e+07,3.1886e+07,2.6538e+07,3.4281e+07,5.0689e+07,9.469e+07,5.5478e+08,9.3847e+07,1.928e+08,1.4784e+08,4.9918e+07,1.2393e+08,5.2349e+07,4.8177e+07,4.0896e+07,7.172e+07,3.6032e+07,3.9927e+07,2.0198e+07,2.4079e+07,4.5319e+07,1.9176e+07,1.2671e+08,1.7644e+07,1.0327e+07,2.4448e+07,6.03e+07,1.9402e+07,1.483e+07,1.1917e+07,1.5292e+07,9.5468e+06,2.168e+07,7.1797e+06,4.1584e+07,9.2942e+06,1.5725e+07,2.5262e+07,1.8079e+07,1.1211e+08,3.0671e+07,8.0266e+07,2.8602e+07,3.4744e+07,2.8006e+08,1.1975e+08,8.8117e+07,2.0457e+08,6.2894e+07,2.1605e+07,2.7261e+07,3.1585e+07,5.8089e+07,1.9079e+07,3.188e+07,1.6566e+08,5.6482e+07,6.1153e+07,1.8786e+07,3.9106e+07,4.0799e+07,1.4282e+07,2.5095e+07,2.6905e+07,2.0341e+07,1.4149e+07,8.8103e+06,1.2837e+07,4.8474e+06,9.2202e+06,1.7373e+07,6.1786e+06,4.2205e+06,5.2258e+06,4.3583e+06,3.0727e+06,5.9267e+06,2.5548e+07,2.8729e+06,3.0149e+06,1.7354e+07,1.0688e+07,9.0562e+06,2.6583e+07,7.6169e+06,7.1827e+06,4.1447e+07,6.5983e+06,3.9343e+06,2.3974e+06,4.5778e+06,1.4028e+06,2.0016e+06,2.8511e+06,3.9387e+06,1.8448e+06,8.6447e+06,4.0868e+06,1.3681e+06,3.0989e+06,1.9921e+06,1.8161e+06,6.6263e+06,1.0553e+06,1.9448e+06,1.18e+06,1.0001e+06,1.6381e+07,8.7935e+05,6.721e+05,4.9506e+05,1.5339e+06,1.4724e+06,6.0138e+05,4.17e+05,2.3444e+05,2.8703e+05,3.0822e+05,3.6388e+05,2.4091e+05,2.08e+05,3.0302e+05,2.0577e+05,1.3386e+05,1.6858e+05,1.3225e+05,1.0809e+05,98491,83724,78757,89703,80960,73947,67344,79165,73169,66429,71570,58276,68243,55565,55761,54409,52892,65061,64878,42406,52801,37243,44512,39297,34482,29099,30926,30922,34811,20308,27537,51805,28173,21146,31325,28974,18542,17384,24233,31206,15859,20631,18955,12666,18626,15201,13814,24958,15617,72557,16804,85579,13249,14559,33613,29001,13964,13357,13286,16900,18511,30283,17958,11797,12664,12694,12440,11876,11457,14387,10733,10684,11042,10582,10756,11144,10973,10444,10288,10205,10048,11093,10457,10004,9847.2,11286,9750.5,9956.9,9346.3,9477,9515.8,9193,9057.1,8953.6,8983.4,8852.1,9036.9,8708.1,11704,20247,8286.7,7046.3,7429.2,9302.3,6967,5598,6018.6,6252.7,5197.6,6277.4,5683.4,4914.7,4156.2,4266.8,6267,5572.3,3454.3,3574.7,9366.4,3217.6,6268.9,10852,6084.3,53902,17526,10399,6724.4,20729,5310.7,11391,10888,14992,15166,50584,18160,51713,7023.8,6755.6,27674,10299,10544,13536,10539,9495.9,18243,34404
4.9573e+08,4.973e+08,3.0608e+08,3.0522e+08,3.1045e+08,2.9342e+08,2.8794e+08,2.8143e+08,2.7452e+08,2.7656e+08,2.6138e+08,2.2821e+08,2.3977e+08,2.2954e+08,2.2179e+08,1.9987e+08,1.9549e+08,1.8542e+08,1.8759e+08,1.8275e+08,1.7338e+08,1.6019e+08,1.4581e+08,1.525e+08,1.3559e+08,1.2461e+08,1.135e+08,1.1782e+08,1.0775e+08,1.102e+08,1.0042e+08,9.377e+07,1.1787e+08,9.1856e+07,8.6713e+07,8.3865e+07,6.9502e+07,7.6292e+07,5.5611e+07,5.4779e+07,5.3752e+07,4.7678e+07,6.2896e+07,4.7158e+07,4.5373e+07,3.7477e+07,4.25e+07,2.9573e+07,3.6589e+07,3.1153e+07,2.6212e+07,2.006e+07,1.7826e+07,1.7282e+07,1.341e+07,3.7953e+07,1.3468e+07,1.1619e+07,1.1361e+07,1.0527e+07,1.2099e+07,1.4864e+07,9.672e+06,7.9082e+06,6.5562e+06,9.2978e+06,6.0938e+06,6.7083e+06,7.8909e+06,6.131e+06,6.013e+06,5.6867e+06,4.974e+06,4.3898e+06,3.9006e+06,3.7831e+06,6.8513e+06,3.1628e+06,2.8407e+06,3.0383e+06,3.2303e+06,2.9198e+06,3.7111e+06,2.2174e+06,2.0823e+06,2.0892e+06,1.9938e+06,1.6001e+06,1.2499e+06,1.8218e+06,1.4056e+06,1.2387e+06,1.0021e+06,1.1651e+06,1.0149e+06,9.3288e+05,7.9941e+05,7.7088e+05,9.4355e+05,6.2689e+05,5.8564e+05,6.0449e+05,5.1047e+05,4.8978e+05,5.1044e+05,3.6481e+05,4.16e+05,3.9173e+05,3.1553e+05,3.431e+05,2.5798e+05,2.4783e+05,2.4757e+05,2.4341e+05,2.3249e+05,2.0528e+05,1.7545e+05,1.87e+05,1.6071e+05,1.374e+05,1.6121e+05,1.3618e+05,1.3051e+05,1.0158e+05,98859,90077,78694,89322,65461,38136,2.9247e+05,50079,49276,26288,47332,29399,26662,62993,16466,15837,22546,18484,74493,16251,27757,12658,12732,12145,14086,10551,10187,12148,14536,7368.8,7481.8,6067.3,4990.1,4145.1,17401,3566.4,2771.1,2860.9,2557.4,2850.3,2942.9,3965.2,3562.9,7068.1,4118.5,8484.6,5532.7,4277.2,14542,13429,22227,28638,7318,7838.1,4309.5,5139.3,6298.8,7129,2868.9,30644,64036,12740,9117.8,4722.3,44897,6910.3,4531.6,4020.3,10360,4730.9,7300.7,4756,3808,4095,4733.8,7601.2,2029.1,3281.6,2428.7,5962.6,2573.5,1947.6,1910,2350.5,6414.5,27001,3150.4,2495.4,3691.8,2787.5,2877.1,2684,5817.2,2987.8,3018,2220.9,3172.1,1516.3,1870,1581,2524.7,1735,1164.9,1227.7,1633.4,1214.8,1140.3,969.19,1148.8,954.7,840.72,759.37,1095.3,920.89,588.22,4261.7,1449.2,841.32,486.46,1211.4,604.4,649.65,2025.5,590.54,591.25,544.11,491.44,632.9,559.62,3639.4,762.24,444.52,622.62,360.64,463.73,554.25,279.74,276.53,305.9,244.04,332.41,226.43,250.91,284.33,210.63,198.84,173.62,173.06,189.11,189.44,197.48,171.69,150.47,164.01,162.13,174.9,140.49,183.97,123.73,109.76,102.87,145.42,99.94,123.67,91.196,93.831,86.48,84.431,83.483,88.535,80.264,80.172,81.262,79.183,79.079,73.853,72.743,119.87,91.71,71.987,83.2,71.217,68.216,71.611,69.303,69.172,123.28,90.946,68.34,70.295,74.317,78.903,66.127,64.189,203.34,69.6,73.359,70.217,69.034,65.732,71.053,64.97,64.18,63.686,63.772,61.338,80.97,61.765,66.977,59.973,57.938,58.14,57.046,58.115,56.038,56.848,56.469,55.261,55.134,61.738,56.621,54.373,54.217,53.899,53.609,53.944,54.327,53.402,53.259,52.822,52.674,57.755,52.352,53.262,53.596,51.906,52.191,55.673,51.982,58.284,51.753,54.018,57.19,52.036,52.921,52.279,52.856,52.381,52.261,51.1,51.4,50.475,50.782,50.722,52.575,52.861,53.457,50.142,51.172,50.495,56.879,50.8,50.071,48.625,51.096,49.772,49.252,51.301,48.663,49.969,47.882,52.225,49.56,48.536,47.784,48.073
5.3468e+08,4.8735e+08,4.8051e+08,4.7604e+08,4.748e+08,4.6674e+08,4.6246e+08,4.5842e+08,4.2517e+08,4.2538e+08,3.9115e+08,3.8952e+08,3.7944e+08,3.7025e+08,3.5355e+08,3.6472e+08,3.2882e+08,3.0519e+08,2.8927e+08,3.1166e+08,2.73e+08,2.9453e+08,2.7416e+08,2.8505e+08,2.6296e+08,2.5675e+08,2.5181e+08,2.2301e+08,2.0418e+08,2.1587e+08,1.7491e+08,1.7221e+08,1.6741e+08,7.2074e+08,1.5487e+08,1.6647e+08,2.7263e+08,1.453e+08,1.3012e+08,1.0324e+08,1.0159e+08,1.0108e+08,9.0473e+07,8.8917e+07,7.9131e+07,8.0891e+07,5.8661e+07,6.4366e+07,8.2973e+07,5.9167e+07,8.2459e+07,5.3226e+07,4.8421e+07,4.6027e+07,4.9747e+07,3.7934e+07,3.2026e+07,5.1519e+07,3.9957e+07,2.7666e+07,1.8545e+07,2.3866e+07,3.1755e+07,1.7055e+07,2.5466e+07,1.3021e+07,9.9075e+06,1.0122e+07,9.0396e+06,1.1305e+07,9.674e+06,8.5548e+06,1.0864e+07,1.6135e+07,6.9522e+06,1.4623e+07,7.3274e+06,8.1561e+06,7.5258e+06,6.7862e+06,6.3696e+06,1.0236e+07,7.5513e+06,4.6113e+06,4.158e+06,6.3512e+06,4.9223e+06,4.9494e+06,5.5988e+06,3.076e+06,3.7684e+06,4.9781e+06,5.2266e+06,8.9295e+06,3.0047e+06,4.9318e+06,3.0424e+06,3.7741e+06,2.0952e+06,2.2228e+06,3.8521e+06,2.6404e+06,1.3198e+06,3.2905e+06,9.2424e+05,1.2321e+06,1.0058e+06,1.1617e+06,1.3799e+06,1.3863e+06,8.4229e+05,8.6323e+05,6.9955e+05,8.6273e+05,7.4798e+05,4.5877e+06,1.5594e+08,2.269e+06,8.3775e+05,6.5211e+05,5.2218e+05,4.2185e+05,6.4516e+05,4.2678e+05,7.0632e+05,6.5958e+05,4.5573e+05,4.409e+05,7.4887e+05,3.912e+05,5.3128e+05,3.374e+05,1.1004e+06,6.7458e+05,2.0392e+05,2.4567e+05,3.2847e+05,1.9945e+05,2.7809e+05,2.9951e+05,4.5233e+05,2.189e+05,2.4152e+05,2.0992e+05,2.2027e+05,2.4384e+05,2.4908e+05,1.2244e+05,1.5896e+05,6.6504e+05,1.7903e+06,2.2834e+06,1.3874e+06,1.1702e+06,1.2216e+05,1.4895e+05,62517,1.0304e+05,72278,1.245e+05,86803,1.5998e+05,74860,56207,53215,62610,70915,53282,47939,42279,59935,34282,30159,63992,32554,48818,38269,32423,37743,30682,32182,28661,25276,31631,23744,28538,30046,30919,22652,16501,22828,17854,18966,12709,12794,13688,12914,9299.4,11037,10220,7893.9,7346.5,26067,4890,6227.1,1.5578e+05,5707.8,5167.3,4488.2,4844.4,5115.5,5672.1,3886.4,5143.8,3503.4,1936.2,2087,2037.7,3745.6,3714.4,3604.2,3912.5,2367.8,5801,10858,4733.6,7770,9602.5,12895,3855.2,3428.3,81475,7046.5,28964,2221.3,3644.9,3699.8,4078.5,4744.5,3611,1502.3,4599.9,2147.6,2011.2,8520.4,3177.7,2483.1,93886,2365.5,5096.9,5606.6,18208,2929,4741.3,4816.9,11338,3563.8,4451.8,1301.4,2721.4,2410,4240.7,1595.7,2144,2265,2188.9,2181.8,996,834.65,946.4,1103.7,1394.7,712.88,759.41,551.38,543.1,475.05,1106.9,500,469.91,530.87,485.77,433.49,497.82,413.21,550.12,542.78,476.49,467.12,444.59,531.62,452.29,385.91,774.23,374.69,359.36,368.82,455.43,495.6,654.48,876.75,419.95,335.09,340.12,307.31,323.65,342.6,312.79,279.36,269.96,332.56,254.81,260.41,266.59,240.28,244.66,248.77,231.87,247.79,284.04,223.96,221.9,225.75,227.17,220.48,225.94,213.58,212.32,210.74,207.87,211.58,210.58,205.17,201.47,197.73,197.71,200.19,195.92,198.51,200.4,193.53,201.73,199.36,193.84,194.2,191.38,196.74,219.12,191.4,206.17,192.19,198.3,190.17,189.41,189.37,191.78,188.62,197.09,189.21,195.68,187.43,198.49,192.32,187.2,190.82,185.89,186.11,193.17,189.31,200.89,189.61,186.28,206.96,186.81,190.15,184.73,201.49,187.38,202.7,188.41,194.67,201.16,186.07,197.94,208.21,224.61,192.89,198.24,185.86,192.36,192.35,183.55,180.95,187.55,185.68,183.89,183.72,193.28,180.88,184.47
5.6758e+08,4.0098e+08,3.9938e+08,3.8895e+08,3.8979e+08,3.8712e+08,3.7215e+08,3.6249e+08,3.5748e+08,3.4455e+08,3.3459e+08,3.4627e+08,3.344e+08,3.227e+08,3.1747e+08,3.0357e+08,2.9675e+08,3.017e+08,2.8454e+08,2.8386e+08,2.5986e+08,2.6215e+08,2.3514e+08,2.3821e+08,2.4213e+08,2.1568e+08,2.2698e+08,2.1663e+08,2.1389e+08,1.7279e+08,1.88e+08,1.732e+08,1.7647e+08,1.6692e+08,1.5783e+08,1.5449e+08,1.3118e+08,1.2942e+08,1.3066e+08,1.1554e+08,1.2076e+08,1.1938e+08,1.1352e+08,1.0777e+08,1.4152e+08,9.7281e+07,1.0371e+08,8.8758e+07,1.0622e+08,9.5528e+07,8.8479e+07,7.61e+07,1.4582e+08,7.7204e+07,6.9852e+07,6.8021e+07,6.5058e+07,5.8362e+07,5.6266e+07,5.4629e+07,5.3736e+07,5.229e+07,5.0632e+07,4.9293e+07,4.8093e+07,4.7791e+07,4.872e+07,4.6371e+07,4.4889e+07,4.5018e+07,4.3987e+07,4.1919e+07,4.015e+07,4.4889e+07,3.8944e+07,3.8138e+07,3.8078e+07,3.8172e+07,3.5735e+07,3.5735e+07,3.344e+07,3.2394e+07,3.2694e+07,3.2841e+07,3.0245e+07,3.1233e+07,3.0519e+07,2.8645e+07,2.8667e+07,2.7506e+07,2.8225e+07,3.123e+07,3.1401e+07,2.2744e+07,2.1871e+07,2.2853e+07,2.1556e+07,2.1398e+07,1.7579e+07,1.8321e+07,1.6907e+07,1.595e+07,1.4705e+07,1.4541e+07,1.1118e+07,1.0918e+07,8.3071e+06,1.0787e+07,8.2336e+06,7.0027e+06,6.1313e+06,6.7415e+06,5.6106e+06,5.22e+06,5.1651e+06,4.3352e+06,4.0865e+06,5.1373e+06,3.8323e+06,3.7524e+06,3.6062e+06,3.2938e+06,4.5228e+06,2.9697e+06,2.6987e+06,2.7375e+06,2.5504e+06,2.388e+06,2.2809e+06,2.1715e+06,2.2254e+06,2.0664e+06,1.9459e+06,2.0018e+06,1.835e+06,1.9934e+06,1.7509e+06,1.4598e+06,1.3517e+06,1.3678e+06,1.0958e+06,1.1561e+06,1.377e+06,8.9575e+05,9.5976e+05,1.002e+06,1.334e+06,7.6248e+05,8.6198e+05,5.0542e+05,8.7283e+05,8.0365e+05,6.8522e+05,5.4255e+05,5.7228e+05,5.2697e+05,5.0404e+05,4.9989e+05,5.0212e+05,5.6655e+05,6.1607e+05,3.9345e+05,3.8547e+05,3.7297e+05,2.9988e+05,3.3894e+05,2.7672e+05,2.7806e+05,2.6389e+05,2.5281e+05,2.4944e+05,2.0132e+05,1.8201e+05,3.937e+05,1.4861e+05,1.4251e+05,1.768e+05,1.4464e+05,1.0192e+05,1.1413e+05,99132,93149,93654,1.0763e+05,86568,89050,85723,79431,81161,70877,1.0278e+05,68571,64468,59796,4.225e+05,6.086e+05,52045,46237,38428,37845,37079,31201,31723,43682,30553,24659,23334,20641,21919,20074,19225,17489,16740,15933,16009,14729,13356,13123,13645,12693,12436,10827,11693,10370,9876.6,9467.2,9197.3,9222.8,7972.5,6319,6438.8,5767.6,4835.6,9049.8,6796.9,5820.6,27509,6402.8,17126,5807.5,6686,2563.9,6159.5,4222.7,2701.4,6539,8788.6,3164.5,3960.2,9753.6,3988.4,3803.9,4075.5,3122.8,3161.9,2754.3,2871.1,3699.5,2511.3,2005.9,2201.3,1766.1,4449.1,2507.9,1785.2,2918.1,964.43,10127,5957.7,1194.5,2114.1,2375.2,1134.8,2010.5,1109.6,696.34,687.84,750.21,713.27,454.82,533.9,447.03,562.1,715.01,358.37,417.6,367.4,301.69,704.16,284.42,317.55,278.78,296.38,310.38,321.73,307.52,195.31,211.11,192.06,186.4,182.6,145.24,126.75,568.97,135,164.63,115.03,118.38,129.41,103.45,110.87,112.1,89.168,90.916,94.94,155.44,101.83,89.907,86.308,90.826,86.81,80.838,86.421,76.967,87.798,81.842,82.108,66.268,73.431,80.773,82.887,69.884,65.415,66.771,68.239,81.122,73.494,67.731,60.701,61.257,74.985,65.274,59.22,60.822,59.75,59.848,58.095,58.013,58.386,56.713,71.351,55.6,56.391,54.974,54.361,54.646,55.124,53.843,53.813,53.133,52.795,53.322,52.811,52.292,52.068,51.643,51.391,51.533,51.287,51.243,52.037,50.647,50.57,50.353,50,50.038,50.146,49.932,49.758,49.687,49.912,49.323,48.895,48.926,48.619,50.933,51.732,48.288,48.309,48.258,47.59,47.963,48.056,47.654,46.923,47.014,46.807,46.897,46.94,46.512
5.2716e+08,5.1787e+08,5.1413e+08,4.9929e+08,5.0533e+08,4.9088e+08,4.8416e+08,4.727e+08,4.6809e+08,4.6708e+08,4.634e+08,4.503e+08,4.3044e+08,4.2697e+08,4.4035e+08,4.055e+08,3.8231e+08,3.3911e+08,3.4368e+08,3.2599e+08,2.9487e+08,3.0302e+08,2.606e+08,2.5504e+08,2.5923e+08,2.1637e+08,2.0222e+08,1.7251e+08,1.8514e+08,1.4713e+08,1.3165e+08,1.3001e+08,1.2199e+08,1.2429e+08,1.1677e+08,1.1592e+08,1.1347e+08,1.0309e+08,9.62e+07,9.2285e+07,8.9093e+07,8.2347e+07,8.1608e+07,7.6145e+07,7.6742e+07,7.1274e+07,6.2407e+07,6.3204e+07,6.2952e+07,6.0517e+07,6.369e+07,5.0901e+07,5.588e+07,5.3682e+07,5.6273e+07,5.333e+07,4.8164e+07,4.8774e+07,4.7432e+07,4.5584e+07,4.3294e+07,4.2721e+07,4.3584e+07,4.4822e+07,3.9133e+07,7.9472e+07,4.1105e+07,3.5792e+07,3.8881e+07,2.8805e+07,2.9479e+07,2.8507e+07,2.2721e+07,2.0158e+07,2.09e+07,2.024e+07,1.9231e+07,2.9015e+07,1.762e+07,2.0519e+07,1.9879e+07,1.4383e+07,2.2829e+07,1.8688e+07,1.2368e+07,1.6844e+07,1.4591e+07,1.486e+07,2.7008e+07,1.4561e+07,1.1871e+07,1.1343e+07,1.177e+07,2.2812e+07,1.0621e+07,9.418e+06,1.016e+07,1.057e+07,9.1601e+06,9.1874e+06,8.2603e+06,1.0011e+07,1.0666e+07,6.7964e+06,7.1494e+06,6.3072e+06,8.2603e+06,4.5101e+06,5.4091e+06,4.3422e+06,3.5516e+06,3.3173e+06,2.5712e+06,2.544e+06,2.5793e+06,2.9593e+06,4.9854e+06,1.8905e+06,1.8043e+06,1.7015e+06,1.5794e+06,1.574e+06,1.4371e+06,1.2419e+06,1.4585e+06,1.1765e+06,1.1128e+06,1.0789e+06,1.8166e+06,8.8079e+05,1.3306e+06,1.1891e+06,5.7318e+05,6.5977e+05,6.0828e+05,5.6523e+05,5.9415e+05,6.6224e+05,5.8513e+05,3.77e+05,4.4484e+05,4.4616e+05,7.7032e+05,1.2696e+06,3.5467e+05,3.1328e+05,4.4104e+05,3.6417e+05,3.3698e+07,5.6765e+07,3.7391e+05,1.4502e+06,1.086e+06,5.6316e+06,3.2282e+05,7.8282e+05,2.2721e+05,2.3723e+05,4.6902e+05,2.2835e+05,2.4426e+05,2.1849e+05,1.9015e+05,2.4177e+06,7.3463e+05,5.27e+05,1.7408e+05,1.5115e+05,5.2871e+05,1.3299e+05,1.7638e+05,1.3088e+05,1.2563e+05,1.3709e+05,1.1349e+05,1.5186e+05,83398,86319,55154,5.2679e+05,79235,1.2508e+05,1.1606e+05,44366,44933,35696,42278,60279,41551,33756,43479,1.3587e+05,56838,29745,39114,37797,2.5866e+05,23934,22634,25297,21410,20408,21633,24524,17487,17026,16237,15483,18189,28147,15642,13428,21181,13406,13150,12352,13188,12584,12830,10293,10457,9542.5,9147.1,9275.8,7951.9,8129.6,8157.7,7642.4,7734.9,7586.2,10930,7530.7,7447.3,6943.7,7789.4,6898.6,6587.6,8887.5,5933.9,6733.1,17691,5788.2,5791.2,5825,5606,5440.6,5301.2,5394.7,5337.4,5131.8,4747,4617.1,4472.7,4686.7,4266,4092.9,4020.5,3998.5,3708,3664.8,3782.6,2784.2,3368.2,2735.7,3046.8,2574.9,2275.8,2456,2209.2,1796.2,1417.6,1917.8,1707.7,1651.3,1582.5,1226.6,1065.4,1255.9,978.01,536.18,617.52,779.9,764.41,475.16,401.36,485.65,355.43,345.58,439.61,338.3,261.34,1590.2,411.67,353.89,346.06,281.03,240.74,227.25,233.3,247.39,319.43,768.94,336.76,175.85,177.7,183.61,187.21,169.35,160.32,158.57,155.07,183.59,146,150.76,160.55,146.44,131.49,121.42,420.44,132.48,124.88,141.3,112.52,117.73,129.63,111.72,106.06,104.36,105.36,102.89,104.44,101.66,106.24,108.51,97.77,108.87,134.91,96.805,94.562,99.683,97.034,92.835,90.201,94.707,88.348,91.139,85.174,86.054,87.255,83.321,85.418,98.062,82.112,82.464,83.259,91.727,87.218,81.34,82.316,82.319,78.822,77.837,77.78,77.872,79.324,74.877,74.201,70.676,72.916,70.876,70.618,69.129,67.122,65.534,67.209,64.968,67.052,64.601,95.802,66.969,66.306,72.385,65.929,64.409,66.491,65.535,69.463,62.355,59.927,62.664,58.229,58.569,59.664,59.648,58.297,58.225,56.567,64.48,119.04,72.201
8.2408e+08,5.7631e+08,5.7734e+08,5.8597e+08,5.6517e+08,5.6127e+08,5.6097e+08,5.4683e+08,5.4619e+08,5.2201e+08,5.2127e+08,5.1382e+08,5.0673e+08,4.8525e+08,4.8957e+08,4.391e+08,4.3857e+08,4.0034e+08,3.9662e+08,3.0674e+08,3.102e+08,2.9699e+08,2.7591e+08,2.6621e+08,2.7136e+08,2.6887e+08,2.1997e+08,1.9365e+08,1.9356e+08,2.0098e+08,1.9816e+08,1.8587e+08,1.7273e+08,1.6584e+08,1.6307e+08,1.6419e+08,1.611e+08,1.4438e+08,1.4007e+08,1.3621e+08,1.1481e+08,1.2127e+08,1.1432e+08,1.0961e+08,9.7243e+07,9.4154e+07,9.2542e+07,9.4645e+07,8.9571e+07,8.4527e+07,7.2171e+07,7.3069e+07,6.7892e+07,6.882e+07,6.4276e+07,6.7039e+07,5.7964e+07,4.8669e+07,5.1573e+07,6.0303e+07,4.3276e+07,3.9628e+07,4.1691e+07,3.5141e+07,3.765e+07,3.0345e+07,3.2247e+07,3.6072e+07,3.0082e+07,7.048e+07,2.3379e+07,3.1886e+07,1.7289e+07,2.0801e+07,7.1394e+07,1.4412e+07,1.7353e+07,1.5291e+07,1.2851e+07,1.4632e+07,1.3627e+07,1.9512e+07,1.6303e+07,1.7935e+07,1.1501e+07,5.0551e+07,8.3501e+07,4.0349e+07,1.2164e+07,3.661e+08,4.61e+07,2.0652e+07,3.622e+08,1.4753e+07,1.8998e+08,1.8675e+07,1.4853e+07,1.632e+08,1.5341e+07,2.8524e+07,7.1278e+07,3.0483e+07,1.9593e+07,1.5058e+07,2.455e+07,8.3595e+06,1.207e+07,1.0647e+07,6.2421e+06,2e+07,9.4462e+06,1.0671e+07,3.0735e+06,5.2179e+06,1.0526e+07,3.4896e+06,4.3732e+06,3.6641e+06,5.214e+06,6.7671e+06,3.8543e+06,5.0795e+06,1.5501e+07,6.8496e+06,6.0803e+06,4.7559e+06,2.9236e+06,2.5064e+06,2.1311e+06,1.706e+06,1.7573e+06,1.3136e+06,2.0229e+06,1.3487e+06,1.1732e+06,9.5046e+05,1.3073e+06,1.2775e+06,1.1345e+06,3.1074e+06,1.8642e+07,2.999e+06,1.4673e+06,1.13e+06,9.219e+05,3.3317e+05,7.4996e+05,8.5674e+06,4.5361e+05,4.2962e+05,6.8287e+06,6.8825e+05,7.0772e+05,1.1094e+06,1.2248e+06,6.6082e+05,4.5234e+05,2.6186e+06,6.1873e+06,7.111e+05,1.1045e+06,1.4739e+06,6.4616e+05,7.7032e+05,6.4017e+05,6.6013e+05,7.9493e+05,7.0366e+05,1.4387e+06,1.1024e+06,1.2227e+06,6.2816e+05,1.1207e+06,1.0592e+06,5.504e+05,4.9455e+05,5.4976e+05,4.4378e+05,3.6322e+05,4.0944e+05,3.0904e+05,2.4917e+05,1.6379e+05,3.4028e+05,8.1031e+05,1.6171e+06,7.641e+05,5.6602e+05,4.4356e+05,3.6353e+06,1.2732e+06,2.2511e+05,1.2334e+06,7.3117e+05,9.2591e+05,1.0019e+06,6.8762e+06,1.5536e+06,3.734e+05,3.2129e+05,6.6707e+05,6.2618e+05,6.1471e+05,3.1024e+05,1.9715e+05,1.3822e+05,2.4497e+05,3.34e+05,3.0391e+05,2.0458e+05,2.6387e+05,1.2782e+05,2.3524e+05,2.3948e+05,2.376e+05,1.6408e+05,1.2861e+05,1.1678e+05,1.3143e+05,1.2694e+05,3.511e+05,46032,86836,64998,89726,74045,3.3196e+05,58050,6.6484e+05,72075,1.3109e+05,2.6287e+05,1.2745e+05,1.2019e+05,3.1936e+05,4.7295e+05,3.3697e+05,2.222e+05,1.3651e+06,9.4739e+05,1.3193e+05,2.7753e+05,2.9799e+05,2.1402e+05,2.3353e+05,1.5541e+05,5.0093e+05,1.5379e+05,3.3437e+05,7.885e+05,1.2192e+05,4.3553e+05,2.5033e+05,91198,1.5394e+06,65268,59298,64149,54879,1.127e+05,89696,39529,62498,78572,36767,60012,49079,1.4367e+05,66877,43529,72074,87194,30472,52121,71391,82007,1.0468e+05,5.6903e+05,84932,70748,1.371e+05,2.0609e+05,98496,94054,2.9208e+05,5.1731e+05,97795,56380,1.6407e+05,1.2369e+05,69148,80201,87057,42117,1.1752e+05,72213,2.2019e+05,1.1491e+05,1.2429e+05,1.1984e+05,1.2559e+05,1.5881e+05,2.3507e+05,1.3566e+06,1.9037e+05,1.3075e+05,1.1436e+05,51379,55244,56360,28475,42783,43060,28873,28450,2.6206e+05,46992,51439,33262,31753,53377,43500,29614,19312,21752,32634,49281,20293,32874,20533,14594,8085.6,8160,11097,11153,8088.1,7071,5556.7,5534.4,5852.9,7213.6,5077.6,3994.7,4771.7,5178.6,3665.6,2540.3,5013,1827.1,2446.7,2758.3,1064.3,1190.9,1601.4,989.31,1107.1,832.08,649.88,735.2,935.68,743.97,601.87,545.91,877.58,632.03,796.99,3968.5,1337.9,514.84,417.38,691.25,1533.5,475.74,3590.9,707.69,3484.1,1060.7,6680.6,1895.3,6006.3,920.09,8725.4,875.87,2477.1,1234,1549.3,1204,1223,786.76,653.04,819.71,792.91,1291.6,592.64,839.17,543.42,441.6,1630.5,564.75,682.05
7.8314e+08,4.5074e+08,4.2969e+08,4.1741e+08,4.2536e+08,4.1071e+08,4.1162e+08,3.8222e+08,3.955e+08,3.5737e+08,3.6911e+08,3.386e+08,3.1129e+08,3.2414e+08,3.0086e+08,2.8231e+08,2.2792e+08,1.8335e+08,2.2154e+08,1.8029e+08,1.7435e+08,1.6051e+08,1.8624e+08,1.5185e+08,1.6306e+08,1.5701e+08,1.1545e+08,9.0155e+07,1.0235e+08,1.235e+08,8.9928e+07,8.1459e+07,6.2722e+07,1.0079e+08,7.9513e+07,8.1637e+07,7.5153e+07,9.0627e+08,6.8634e+07,5.808e+07,5.2007e+07,3.384e+07,2.3888e+07,3.1672e+07,2.7452e+07,3.8852e+07,1.9877e+07,3.4863e+07,2.605e+07,1.2373e+07,1.5797e+07,1.99e+07,1.3788e+07,1.0286e+07,1.1147e+07,8.4884e+06,8.7859e+06,1.0452e+07,7.1652e+06,5.1072e+06,5.1457e+06,1.2761e+07,4.544e+06,4.1117e+06,4.6747e+06,3.7462e+06,1.993e+06,2.0057e+06,2.2774e+06,2.9771e+06,1.5475e+06,1.7277e+06,1.7728e+06,1.2399e+06,9.3542e+05,1.4881e+06,9.4779e+05,8.1858e+05,6.7062e+05,5.9221e+05,5.1754e+05,5.7763e+05,6.6536e+05,4.7473e+05,3.2639e+05,4.3384e+05,2.9439e+05,3.1258e+05,6.9371e+05,4.1412e+05,2.7445e+05,2.2177e+07,5.5064e+05,2.799e+05,2.9704e+05,1.4131e+05,1.1792e+05,1.6473e+05,1.4162e+05,1.3448e+06,8.2912e+05,1.7177e+05,1.0794e+06,1.4757e+05,3.1084e+05,1.5898e+05,1.4855e+05,1.6445e+05,1.4017e+05,2.226e+05,1.122e+05,1.6054e+05,1.031e+05,56213,66815,59025,50962,55879,36359,24952,29092,33111,30967,22756,18832,19717,14810,16707,16358,14323,11284,12988,12033,9560.3,10510,9199.4,45845,9335.5,12806,17849,7661.9,7654.7,7862.4,7395.3,7810.8,6701.3,6753.3,5996,6477.7,6118,6478,29424,12209,6593.4,5956.5,4769.2,4920.6,4733.2,8448.2,4778.8,4243.1,4492,3703.8,4440.4,3382.5,3640.5,3311.3,3009.2,3008.7,3139,3376.1,3348.1,2927.8,2761.9,2788.8,14275,2568.1,2231.7,2204.3,2296.1,2164,2434.6,2006.7,2247.5,1888,1819.2,1797,1403.4,1703.9,1561.2,2516,1732.2,1315.6,1196.2,1427.6,2462.7,1340.2,4637,1124.5,2271.4,1541.1,9154.2,3901.1,1017.9,982.48,2518.7,2368.4,6.0204e+06,2531.2,4224.9,2609.2,3605.5,2434.2,4026.7,833.47,2331.8,901.84,1138.8,614.54,802.73,467.34,586.85,392.71,393.89,473.1,754.28,863.47,1078.2,2099.3,14673,1023.2,2428.1,658.3,731.37,877.29,504.19,897.95,944.57,2387.2,3957.9,9677.5,1611.6,1825.2,26100,1497.6,2668.7,1552,1054.8,1291.4,2267,2024.4,2474.5,1037.4,15902,1882.3,991.05,988.91,13935,1722.4,2894.7,1185.4,1193.4,3149.1,1736.4,2602.2,1326.7,557.15,864.71,529.12,616.2,500.98,888.06,575.23,434.66,412.77,372.08,584.06,3852.2,265.81,194.12,214.78,256,133.97,294.08,147.82,157.76,162.6,142.02,151.84,130.04,131.41,122.2,112.94,122.8,124.38,102.97,111.53,93.825,92.316,92.068,88.619,93.017,87.345,88.505,87.56,83.807,87.753,84.747,85.185,83.414,81.59,93.29,78.717,78.933,77.444,78.366,73.128,74.342,73.645,85.755,71.054,71.572,79.413,90.198,71.632,88.494,68.588,70.759,67.518,75.028,65.941,67.415,63.058,65.987,62.947,67.315,63.192,62.686,60.354,61.241,59.906,61.149,56.873,58.217,57.303,57.062,56.024,54.601,57.053,57.174,54.415,53.691,54.05,51.623,52.615,51.809,50.996,51.121,58.593,50.402,51.405,50.872,50.395,50.484,49.419,49.106,49.133,49.094,49.207,48.994,48.632,48.53,47.907,48.151,47.985,47.745,48.11,47.475,47.596,47.473,47.448,47.179,46.865,47.003,47.098,46.195,46.77,46.147,45.78,45.744,45.471,45.809,45.355,45.643,45.225,45.178,44.76,44.846,44.82,44.615
6.6178e+08,5.9392e+08,5.8739e+08,5.5945e+08,5.7988e+08,5.4556e+08,5.3358e+08,5.1361e+08,4.956e+08,5.0034e+08,4.9576e+08,4.8064e+08,4.8217e+08,4.4715e+08,4.4044e+08,4.1443e+08,3.8646e+08,4.2014e+08,3.5512e+08,3.612e+08,3.3547e+08,3.0147e+08,3.1112e+08,2.9957e+08,2.529e+08,2.1811e+08,1.9931e+08,1.971e+08,2.1353e+08,1.7077e+08,1.6822e+08,1.5595e+08,1.3173e+08,1.2411e+08,1.6315e+08,1.1046e+08,1.3029e+08,1.121e+08,1.7854e+08,7.3582e+07,6.6241e+07,5.8599e+07,4.4158e+07,4.1893e+07,3.552e+07,3.33e+07,2.4534e+07,2.5473e+07,1.9282e+07,2.071e+07,1.3383e+07,1.9457e+07,1.9422e+07,1.1309e+07,1.5416e+07,3.1205e+07,7.4779e+07,2.1837e+07,1.2425e+07,1.4669e+07,3.2878e+07,8.856e+06,1.0455e+07,1.2854e+07,7.5742e+06,9.0523e+06,7.609e+06,8.2698e+06,5.5724e+06,5.27e+06,3.1254e+06,6.4576e+06,5.5843e+06,1.354e+07,9.498e+06,1.8415e+07,5.9787e+06,7.4245e+06,6.9673e+06,5.1864e+06,5.5412e+06,4.9342e+06,4.4037e+06,7.3578e+06,4.6594e+06,2.1122e+06,4.129e+06,3.5178e+06,1.7327e+06,1.436e+06,2.4707e+06,1.4471e+06,1.0315e+06,1.4769e+06,1.1986e+06,1.2556e+06,1.2623e+06,4.1218e+05,7.3074e+05,5.7937e+05,4.4928e+05,1.2172e+06,3.1422e+05,2.7252e+05,5.8244e+05,3.5319e+05,3.0082e+05,3.8679e+06,1.7013e+06,2.0637e+05,1.5586e+06,1.9272e+05,2.3742e+05,1.1225e+05,1.9276e+05,1.7344e+05,1.6081e+05,8.1282e+05,1.0468e+05,1.1376e+05,1.0682e+05,54065,64273,29074,39216,60279,26854,33573,21498,24176,28538,25292,94829,12912,14618,14570,13167,6099.2,10249,13210,9568.3,5345.8,20772,6769.1,4619.8,5799.4,14113,6010.6,4576.6,3868.7,3290.3,3838.5,3172.3,3966.1,6141.8,4410.3,3832.3,1785.2,2281.8,4570.2,4316.4,4022.1,5810.2,7426,4194.3,3298.1,2451.7,4886.8,5890.7,3106.8,3351.8,7681.3,3176.6,5460.4,12844,2715.8,1.0982e+05,2182,2250.8,2444.4,2943.4,3100.5,2479.9,2757.7,2689.2,3341.2,4506.3,3112.6,2085.7,3745.3,1700.3,4294.6,2653.7,1728.3,1518.3,2615.7,2418.6,1552.6,1107.2,1472.2,739.61,1008,548.24,646.38,1200.2,4377.4,629.02,547.86,576.67,1034.2,1074.8,558.88,765.34,724.93,517.85,626.57,502.61,518.26,537.86,461.79,366.6,596.71,342.22,403.48,288.11,287.22,275.99,259.81,247.05,257.07,212.5,293.55,234.85,233.43,231.74,214.93,286.91,216.63,198.58,191.56,204.85,183.78,182.74,184.53,213.7,252.08,276.87,185.74,217.39,294.39,263.79,188.25,189.04,313.27,167.96,227.02,280.18,185.04,179.99,168.39,166.99,186.2,164.01,492.56,167.75,153.98,165.98,194.99,163.27,161.63,161.49,160.34,169.34,151.13,149.64,197.61,153.19,155.35,156.49,148.47,148.52,168.25,735.59,158.36,156.99,150.49,143.05,146.54,141.07,148.83,144.53,144.77,155.01,139.6,151.44,144.06,143.14,150.14,190.45,153.26,156.67,152.44,150.74,189.81,138,174.49,141.34,140.73,138.84,137.71,132.44,132.23,132.76,132.76,130.22,129.39,128.74,128.45,127.73,128.82,127.11,127,126.75,126.35,126.53,125.41,126.59,124.55,127.8,125.1,124.44,123.56,124.37,124.96,125.35,123.74,123.95,123.3,123.08,122.75,122.86,122.8,122.37,121.99,121.78,121.31,122.85,121.37,121.29,121.24,121.01,121.01,120.91,120.7,120.26,119.94,120.23,120.59,120.39,119.93,119.63,119.75,119.57,119.8,119.41,119.21,118.88,118.84,118.86,118.89,118.47,118.49,118.75,118.48,118.32,118.21,118.96,118.89,118.17,118.43,117.98,117.77,118.07,117.6,118.19,117.87,117.67,117.52,117.41,117.57,117.23,117.31,117.23,117.17,117.11,117.13,117.02,117.48,116.99,116.98
1.1501e+09,5.9912e+08,5.6783e+08,5.6896e+08,5.5207e+08,5.5295e+08,5.4694e+08,5.395e+08,5.1213e+08,5.1327e+08,5.1656e+08,5.0277e+08,4.9245e+08,4.9184e+08,4.9012e+08,4.7574e+08,4.7667e+08,4.5661e+08,4.5685e+08,4.3365e+08,4.3466e+08,4.2983e+08,4.1064e+08,3.9621e+08,3.8123e+08,3.7734e+08,3.3695e+08,3.3098e+08,3.4101e+08,3.082e+08,2.9613e+08,2.6207e+08,2.0164e+08,2.3298e+08,2.2288e+08,1.8304e+08,1.4803e+08,1.3088e+08,1.3732e+08,1.2861e+08,1.241e+08,9.9445e+07,9.4896e+07,8.607e+07,1.7381e+08,6.1298e+07,7.2547e+07,6.0084e+07,5.9848e+07,5.6756e+07,5.11e+07,5.8053e+07,7.4197e+07,5.6471e+07,4.3733e+07,5.0634e+07,5.469e+07,3.9132e+07,2.8307e+07,2.7192e+07,2.1528e+07,2.0804e+07,2.1006e+07,1.8632e+07,1.7601e+07,1.674e+07,1.71e+07,1.5792e+07,1.5838e+07,1.3197e+07,1.5457e+07,1.4583e+07,1.1213e+07,8.6182e+06,1.2468e+07,7.249e+06,8.3144e+06,2.8332e+07,3.5292e+06,3.5096e+06,5.9208e+06,3.3014e+06,4.3018e+06,5.2337e+06,4.9861e+06,3.0531e+06,3.5849e+06,2.4729e+06,1.5078e+07,3.1818e+06,6.9111e+06,2.1486e+06,2.0262e+06,1.6899e+06,1.1395e+06,1.2911e+06,2.979e+06,1.2648e+06,1.6057e+06,7.9573e+05,8.4237e+06,8.9176e+05,8.4178e+05,4.7536e+05,5.8348e+05,2.0197e+06,8.9437e+05,5.579e+05,1.5058e+06,7.9918e+05,4.4408e+05,4.0602e+05,3.3428e+05,2.056e+05,1.9675e+05,1.8171e+05,1.683e+05,1.5579e+05,2.0398e+05,2.0075e+05,1.0968e+05,90389,96947,3.0303e+05,69402,60231,68912,61493,58642,43541,47881,62845,36159,43271,25575,25009,31716,20026,20064,30924,33138,33118,25064,18646,14372,16020,18514,16198,13344,8969,7546.9,6974.2,8230.3,5916,4936.9,7840.3,8660.2,5027.1,5402.8,4038.7,3879.3,2757,3253,2619.1,7949.5,5380.9,2409.4,2059.3,3003.1,1952.6,1716.1,912.02,865.56,1431.7,2188.4,1076.6,913.79,1174.5,1008.2,877.52,871.45,654.85,859.22,685.97,1181.1,849.8,504.61,632.22,443.36,1081.7,807.02,996.31,4080.1,3768.3,1617.3,1032.9,1577.7,1265.6,5112,1070.2,1163.6,1339.1,5375.3,1503.4,3051,11369,1988.4,2087.5,1022,8125.4,1612.5,2207.7,3001.4,890.17,845.59,593.2,1143.9,923.23,557.67,820.88,543.65,585.25,392.42,513.96,322.29,292.16,261.85,271.53,238.92,244.26,235.16,239.47,192.86,181.69,196.55,165.64,163.27,292.94,202.03,220.55,170.62,163.9,171.44,125.64,330.19,158.89,160.27,369.03,200.65,671.86,225.29,2353.3,1048.8,7570.3,395.46,495.44,741.31,551.36,363.37,643.94,475.7,504.28,626.92,812.08,483.28,1543.5,1814.8,589.2,497.76,666.38,644.4,492.5,518.17,375.2,978.42,2853.4,480.18,567.51,472.87,739.43,967.14,821.62,746.17,1050,1761.8,656.03,571.28,628.02,873.86,1097.7,464.97,1329.6,3277.9,1466.3,329.81,1554.2,696.7,311.07,358.29,1157.9,260.82,233.46,247.01,294.89,321.07,244.52,279.35,191.22,377.65,197.07,181.55,421.16,210.08,340.41,232.74,197.01,252.46,263.78,701.87,346.46,223.2,244.32,400.53,163.28,363.08,232.32,166.44,127.34,497.2,240.61,149.4,116.63,109.28,103.17,93.448,96.97,182.43,88.724,98.611,113.93,97.136,187.54,79.616,96.543,84.677,95.473,117.62,76.826,91.414,83.651,91.023,683.49,173.23,88.338,88.824,93.005,604.84,342.92,162.45,121.06,1390.8,147.39,416.86,296.91,172.43,194.09,163.95,172.92,201.47,150.97,130.19,148.86,139.85,124.33,138.04,124.81,117.22,168.96,175.94,111.28,123.21,141.34,169.05,564.3,173.52,222.85,321.27,227.32,117.8,94.871,114.82,117.85,109.62,97.01,137.37,103.47,104.04,173.04,106.39,178.04
7.8477e+08,5.3874e+08,5.3843e+08,5.1989e+08,5.1265e+08,5.1369e+08,5.0012e+08,4.6795e+08,4.7547e+08,4.5863e+08,4.5438e+08,4.3495e+08,4.1828e+08,4.0667e+08,3.8574e+08,3.796e+08,3.6913e+08,3.5424e+08,3.4998e+08,3.6331e+08,3.4582e+08,3.145e+08,3.0433e+08,2.9861e+08,2.9237e+08,2.6253e+08,2.6289e+08,2.343e+08,2.1599e+08,2.1622e+08,2.0651e+08,1.9925e+08,1.8153e+08,1.5792e+08,1.7404e+08,1.4165e+08,1.5895e+08,1.2881e+08,1.2154e+08,1.0993e+08,1.0632e+08,8.9133e+07,8.8445e+07,8.796e+07,8.2455e+07,9.4975e+07,7.6189e+07,6.6056e+07,5.0463e+07,5.5436e+07,5.2466e+07,3.983e+07,4.24e+07,4.0445e+07,3.8453e+07,4.9727e+07,3.3334e+07,3.1127e+07,6.0666e+07,3.9164e+07,2.7256e+07,2.8885e+07,2.517e+07,2.5304e+07,2.6282e+07,2.6853e+07,3.2315e+07,1.8878e+07,2.1734e+07,1.5898e+07,1.7636e+07,1.3264e+07,1.4488e+07,1.1255e+07,8.9503e+06,9.6571e+06,1.0014e+07,8.3639e+06,8.5538e+06,7.9706e+06,7.8952e+06,7.4205e+06,6.4404e+06,6.2855e+06,6.4471e+06,5.5676e+06,5.4097e+06,4.7858e+06,4.8801e+06,3.7107e+06,4.7965e+06,3.193e+06,8.1452e+06,4.009e+06,4.169e+06,2.6317e+06,3.6296e+06,2.0752e+06,2.1376e+06,1.9124e+06,2.2995e+06,2.7902e+06,1.9226e+07,2.1894e+06,5.0194e+06,1.9009e+06,1.9521e+06,1.2479e+06,1.0824e+06,1.5805e+06,8.9454e+05,1.1796e+06,1.0002e+06,2.3141e+06,1.9501e+06,7.9236e+05,4.7785e+05,4.7591e+05,4.1156e+05,3.3993e+05,7.9114e+05,4.5276e+05,4.7212e+05,3.6184e+05,9.2008e+05,7.4597e+05,3.7784e+05,1.1626e+06,9.5573e+06,3.3375e+05,3.3926e+05,2.7949e+05,2.9407e+06,2.1767e+05,3.5536e+05,2.1439e+05,1.706e+05,1.3842e+05,1.4284e+05,2.1183e+05,1.2054e+05,1.1618e+05,2.2725e+05,97324,1.8341e+05,1.1705e+05,93833,71048,67892,86540,95161,57802,44454,57940,1.1777e+05,47826,54475,39814,33402,40958,42630,30845,1.0003e+05,23715,20697,19546,19915,60500,19444,14730,16448,16425,21979,12367,18426,9277.4,13111,42749,56313,3.3397e+07,9301.7,9238.6,37877,8945.9,10263,7335.8,15923,5587.8,7052.9,5399.8,6312.8,5094.3,4789.6,3194.9,4707.6,4868.5,16369,3852.9,4043.3,7103.7,2701.6,5429.2,2197.1,1878.4,1827.8,1321.8,2005.7,2901.4,2805.1,3257.7,2528.6,32900,1294.8,2586.1,1135.7,1479.1,4054.8,2557.2,892.57,1384.3,1452.3,7920.2,2823.4,843.55,639.15,4776.5,920.72,813.18,1156.8,930.02,1720.5,1143.3,796.61,918.51,597.19,872.52,575.7,521.55,472.74,504.2,489.61,431.43,1058.4,525.63,377.99,893.99,285.46,286.65,523.3,441.87,511.86,397.82,251.6,388.75,219.18,212.33,212.43,212.9,262.8,184.05,134.44,312.22,516.31,182.13,149.58,198.84,116.28,116.8,123.58,113.6,106.48,109.87,96.665,116.99,188.71,94.472,145.43,88.245,99.687,106.19,95.05,106.83,90.278,92.65,82.884,83.49,83.629,90.334,98.664,79.6,82.42,94.374,78.17,93.139,119.59,155.04,105.18,98.152,85.015,92.557,92.333,118.68,74.663,83.996,79.572,210.01,74.691,74.675,72.901,69.145,67.108,72.767,67.666,63.998,66.016,65.034,65.453,67.805,65.425,60.466,66.637,60.509,61.13,62.289,58.847,58.209,63.248,61.256,57.933,58.303,58.105,57.662,56.448,55.708,54.598,54.183,54.19,53.457,55.141,50.808,53.481,51.332,53.174,65.147,50.766,53.452,49.911,48.387,48.571,51.233,50.735,50.062,47.539,46.568,52.166,45.811,46.464,48.058,52.424,46.412,45.824,47.94,47.885,46.077,45.706,46.517,45.538,45.556,44.908,45.126,46.978,45,44.95,44.654,44.65,45.113,46.982,46.152,44.907,43.539,43.526,46.201,44.31,43.938,44.419,43.679,43.83,43.915,43.583,43.818,44.267,44.017,43.03,43.796,43.292,42.993,43.784,43.269,45.15,45.784
7.8366e+08,4.8889e+08,4.8951e+08,4.781e+08,4.6964e+08,4.6778e+08,4.731e+08,4.6555e+08,4.5811e+08,4.562e+08,4.4308e+08,4.3811e+08,4.4298e+08,4.0293e+08,3.9643e+08,3.013e+08,3.3174e+08,2.9794e+08,2.9596e+08,3.1839e+08,2.6164e+08,2.3148e+08,2.3905e+08,2.1633e+08,1.9349e+08,1.9378e+08,1.6879e+08,2.297e+08,1.3833e+08,1.3158e+08,1.1071e+08,1.286e+08,1.1995e+08,8.8863e+07,9.4839e+07,9.4898e+07,1.1581e+08,6.9755e+07,8.2396e+07,8.4909e+07,1.203e+08,7.0078e+07,1.2286e+08,9.6421e+07,6.1332e+07,7.8327e+07,9.385e+07,5.5701e+07,4.491e+07,4.9833e+07,3.7272e+07,3.865e+07,3.4747e+07,3.0316e+07,2.8188e+07,2.9066e+07,2.1339e+07,2.9932e+07,2.4577e+07,2.2711e+07,1.2342e+07,5.4379e+07,1.3441e+07,1.3508e+07,1.2239e+07,1.8461e+07,9.4486e+06,1.1908e+07,8.5159e+06,9.2945e+06,5.0297e+07,1.4744e+07,7.2213e+06,1.2307e+07,5.9498e+06,4.7769e+06,3.7135e+06,3.9462e+06,2.3989e+06,2.6476e+06,7.0137e+06,2.2083e+06,1.7821e+06,1.379e+06,2.2425e+06,1.6957e+06,2.1593e+06,1.1415e+06,1.4369e+06,1.3158e+06,1.1375e+06,1.3799e+06,9.3948e+05,1.3108e+06,1.6483e+06,3.1976e+06,6.7056e+05,7.5378e+05,8.7472e+05,7.1106e+05,7.3227e+05,7.2082e+05,1.1083e+06,5.2486e+05,5.2416e+05,3.4215e+05,3.6248e+05,2.9484e+05,2.1385e+05,2.6923e+05,2.0803e+05,4.2224e+05,2.375e+05,2.6023e+05,4.1651e+05,1.8058e+05,1.8258e+05,1.4534e+05,1.6195e+05,1.0353e+05,1.3326e+05,1.0548e+05,91775,95458,1.3885e+05,1.8918e+05,68036,71310,1.495e+05,5.5593e+05,95877,75183,3.3747e+05,80278,4.7531e+05,59146,59474,1.1752e+05,60406,1.0777e+05,63957,66152,51664,98897,33405,1.0219e+05,25881,28814,19953,23531,43199,36331,33471,22480,19425,33842,17198,19289,20002,8069,20937,27494,10608,8018.6,9245.8,17876,13252,12188,13107,3486.5,7210.6,6411.4,5954.5,41313,27967,15267,11531,13888,25829,7813.3,9242.1,9369.6,5875.7,4262.4,4953.4,5298,3165.7,1776.9,9532.9,2992.3,2564.9,2879.4,1651.4,1398.1,1342.9,1287.5,1211.3,1255.5,1152.6,1190,826.46,741.12,841.41,930.71,988.98,1228.3,1240.5,897.43,977.25,1629.4,4713.5,1217,5482.2,2769.5,3702.6,663.67,3191.1,9830.1,3327.4,4069.4,9949.9,15765,1874,6212.1,5361.5,5285.8,1120.2,1860.3,2323.3,1169.6,1097.4,1314.1,4277.7,3741.9,27441,1914.5,3376.5,1910,1213.9,1796.8,1443.4,1432.6,1309.6,1027,954.74,981.03,940.54,895.94,1368.2,710.65,565.74,648.74,711.82,549.59,532.29,537.29,620.06,509.04,476.6,1042.9,514.47,697.73,1297.2,902.4,459.48,765.41,4199.2,1142.2,3515,929.15,511.01,429.31,731.88,382.5,669.52,399.42,1742.4,474.22,437.23,348.05,490.66,334.58,395.95,321.77,320.74,242.22,298,251.5,224.82,512.74,308.91,412.28,572.11,1105,359.05,253.18,546.44,335.97,674.98,277.1,534.75,863.93,1005,545.48,1581.2,861.66,867.69,11014,1663.2,1106.7,1088.8,19920,6436.6,5832.7,2209.3,4702.9,2569.9,3331.3,17202,1691.6,3925.8,7983.5,4299.6,3375.2,12073,17124,7916.7,10572,6667.4,4097.8,3212.9,2166,8362.2,10986,15918,7948.8,15298,28551,20687,18263,6544.9,4680.4,1.7271e+05,38948,11075,10711,4594.8,6849.9,42914,26370,7630.7,2772.9,13131,10973,2.3249e+05,7600.9,5738.4,3506.1,5320.2,3178,3789.6,5921,3961.3,1827.8,2686.8,1756.3,2294.6,2201.3,1905.3,68611,1220.1,1995.8,5829.6,5256.8,1816.4,3320.5,9727.5,6316.4,863.91,923.73,2203.9,3090.1,5860.6,4395.9,2798.1,28301,14665,11416,21752,1.3609e+05,5.1065e+05,2.8871e+05,2.4919e+05,93322,91992,3.8344e+05,2.3288e+05,83187,1.5897e+05,68194
