2.1678e+06,3309.8,2436.4,2436.4,1744,1744,1672,1360.6,1360.6,1300.4,1300.4,1289.3,1219.1,1199.6,1178.9,1079.3,1039.1,1039.1,1030.8,1030.8,1019.6,1019.6,982.26,968.99,953.15,936.82,936.82,936.82,936.82,936.41,936.41,936.41,936.41,936.41,936.41,915.3,915.3,912.38,912.38,912.38,912.38,912.38,908.51,908.51,900.99,900.99,900.99,900.99,898.94,894.32,894.32,894.32,894.32,889.38,889.38,889.38,889.38,885.58,885.58,885.58,885.58,885.58,885.58,885.58,885.58,885.58,885.58,885.58,885.08,885.08,880.57,880.57,880.57,880.57,880.57,880.57,880.52,880.52,880.52,880.52,880.52,880.52,880.25,880.25,876.42,876.42,876.42,876.42,876.42,876.42,876.42,876.42,876.42,876.42,876.42,876.42,876.42,875.46,875.46,875.46,875.46,875.46,875.19,875.19,875.19,875.19,875.19,875.19,875.19,875.19,875.19,875.19,875.19,875.19,875.19,875.19,875.19,875.19,875.19,875.16,875.16,875.16,875.16,875.16,875.16,875.16,875.16,875.16,875.16,875.16,875.16,875.16,875.16,875.16,875.16,875.16,875.16,875.16,875.16,875.16,875.16,875.16,875.16,875.16,875.16,875.16,875.16,875.16,875.16,875.16,875.16,875.16,875.16,875.16,875.16,875.16,875.16,875.16,875.16,875.16,875.16,875.16,875.16,875.16,875.16,875.16,875.16,875.16,875.16,875.16,875.16,875.16,875.16,875.16,875.16,875.16,875.16,875.16,875.16,875.16,875.16,875.16,875.16,875.16,875.16,875.16,875.16,875.16,875.16,875.16,875.16,875.16,875.16,875.16,875.16,875.16,875.16,875.16,875.16,875.16,875.16,875.16,875.16,875.16,875.16,875.16,875.16,875.16,875.16,875.16,875.16,875.16,875.16,875.16,875.16,875.16,875.16,875.16,875.16,875.16,875.16,875.16,875.16,875.16,875.16,875.16,875.16,875.16,875.16,875.16,875.16,875.16,875.16,875.16,875.16,875.16,875.16,875.16,875.16,875.16,875.16,875.16,875.16,875.16,875.16,875.16,875.16,875.16,875.16,875.16,875.16,875.16,875.16,875.16,875.16,875.16,875.16,875.16,875.16,875.16,875.16,875.16,875.16,875.16,875.16,875.16,875.16,875.16,875.16,875.16,875.16,875.16,875.16,875.16,875.16,875.16,875.16,875.16,875.16,875.16,875.16,875.16,875.16,875.16,875.16,875.16,875.16,875.16,875.16,875.16,875.16,875.16,875.16,875.16,875.16,875.16,875.16,875.16,875.16,875.16,875.16,875.16,875.16,875.16,875.16,875.16,875.16,875.16,875.16,875.16,875.16,875.16,875.16,875.16,875.16,875.16,875.16,875.16,875.16,875.16,875.16,875.16,875.16,875.16,875.16,875.16,875.16,875.16,875.16,875.16,875.16,875.16,875.16,875.16,875.16,875.16,875.16,875.16,875.16,875.16,875.16,875.16,875.16,875.16,875.16,875.16,875.16,875.16,875.16,875.16,875.16,875.16,875.16,875.16,875.16,875.16,875.16,875.16
5359.7,5359.7,3290.5,3290.5,1951.7,1951.7,1951.7,1793.1,1731.5,1724.2,1471,1297.6,1246.9,1203.8,1190.4,1145.6,1113.9,1112.8,1112.8,1035.5,1019.5,1019.5,1019.5,1019.5,1019.5,1012.5,1012.5,1012.5,1012.5,1012,1012,985.22,985.22,983.14,980.43,963.11,963.11,963.01,963.01,963.01,963.01,961.2,961.2,961.2,958.99,916.46,916.46,916.46,916.46,916.46,916.46,914.25,914.25,914.25,912.87,912.87,912.87,912.8,912.8,912.8,912.67,912.67,912.67,911.32,911.32,911.32,911.32,910.83,910.83,910.83,910.83,910.83,910.83,910.83,910.83,910.83,908.09,908.09,907.91,907.91,907.91,907.91,907.77,907.77,907.77,907.77,907.77,907.77,892.9,892.9,892.9,892.9,892.3,892.3,892.3,892.3,891.86,891.86,891.86,891.86,891.86,891.86,891.86,891.86,891.86,891.86,891.86,891.86,891.86,891.86,891.86,891.86,891.86,891.86,891.86,891.86,891.86,891.86,891.86,891.86,891.86,891.86,891.86,891.86,891.86,891.86,891.86,891.86,891.86,891.86,891.86,891.86,891.86,891.86,891.86,891.86,891.86,891.86,891.86,891.86,891.86,891.86,891.86,891.86,891.86,891.86,891.86,891.86,891.86,891.86,891.86,891.86,891.86,891.86,891.86,891.86,891.86,891.86,891.86,891.86,891.86,891.86,891.86,891.86,891.86,891.86,891.86,891.86,891.86,891.86,891.86,891.86,891.86,891.86,891.86,891.86,891.86,891.86,891.86,891.86,891.86,891.86,891.86,891.86,891.86,891.86,891.86,891.86,891.86,891.86,891.86,891.86,891.86,891.86,891.86,891.86,891.86,891.86,891.86,891.86,891.86,891.86,891.86,891.86,891.86,891.86,891.86,891.86,891.86,891.86,891.86,891.86,891.86,891.86,891.86,891.86,891.86,891.86,891.86,891.86,891.86,891.86,891.86,891.86,891.86,891.86,891.86,891.86,891.86,891.86,891.86,891.86,891.86,891.86,891.86,891.86,891.86,891.86,891.86,891.86,891.86,891.86,891.86,891.86,891.86,891.86,891.86,891.86,891.86,891.86,891.86,891.86,891.86,891.86,891.86,891.86,891.86,891.86,891.86,891.86,891.86,891.86,891.86,891.86,891.86,891.86,891.86,891.86,891.86,891.86,891.86,891.86,891.86,891.86,891.86,891.86,891.86,891.86,891.86,891.86,891.86,891.86,891.86,891.86,891.86,891.86,891.86,891.86,891.86,891.86,891.86,891.86,891.86,891.86,891.86,891.86,891.86,891.86,891.86,891.86,891.86,891.86,891.86,891.86,891.86,891.86,891.86,891.86,891.86,891.86,891.86,891.86,891.86,891.86,891.86,891.86,891.86,891.86,891.86,891.86,891.86,891.86,891.86,891.86,891.86,891.86,891.86,887.11,887.11,887.11,887.11,887.11,887.11,887.11,887.11,887.11,887.11,887.11,887.11,887.11,887.11,886.44,886.44,886.44,886.44,886.44,886.44,886.44,886.44,886.44,886.44,886.44,886.44,886.44,886.44,886.44,886.44,886.44
5.464e+05,3560.9,3285,3094.6,2597.2,2332.5,1961,1857.8,1850.4,1651.8,1625.4,1572.7,1557.4,1526,1485.3,1479.5,1359.5,1359.5,1359.5,1358.4,1328.4,1118,1118,989.5,987.25,980.46,980.46,980.46,975.63,975.63,975.63,975.63,974.02,974.02,971.2,955.17,955.17,952.71,936.12,935.02,935.02,935.02,929.99,929.99,929.99,929.99,923.6,923.6,923.6,923.6,923.6,923.6,923.6,923.6,923.6,923.6,923.6,923.6,911.35,911.35,911.35,910.08,910.08,910.08,910.08,910.08,910.08,910.08,910.08,894.69,894.69,894.69,894.69,894.69,894.69,894.69,890.44,890.44,888.68,888.68,888.68,888.68,888.68,888.68,888.68,887.79,887.79,887.79,885.73,884.98,884.98,884.98,882.56,882.56,882.56,882.56,881.48,879.83,879.83,878.95,878.95,878.95,878.95,878.95,878.95,878.95,878.95,877.3,877.3,877.3,877.3,877.3,877.3,876.93,876.93,876.93,876.93,876.93,875.19,875.19,875.19,875.19,875.19,875.19,875.19,875.19,875.19,875.19,875.19,875.19,875.19,875.19,875.19,875.19,875.19,875.19,875.19,875.19,875.16,875.16,875.16,875.16,875.16,875.16,875.16,875.16,875.16,875.16,875.16,875.16,875.16,875.16,875.16,875.16,875.16,875.16,875.16,875.16,875.16,875.16,875.16,875.16,875.16,875.16,875.16,875.16,875.16,875.16,875.16,875.16,875.16,875.16,875.16,875.16,875.16,875.16,875.16,875.16,875.16,875.16,875.16,875.16,875.16,875.16,875.16,875.16,875.16,875.16,875.16,875.16,875.16,875.16,875.16,875.16,875.16,875.16,875.16,875.16,875.16,875.16,875.16,875.16,875.16,875.16,875.16,875.16,875.16,875.16,875.16,875.16,875.16,875.16,875.16,875.16,875.16,875.16,875.16,875.16,875.16,875.16,875.16,875.16,875.16,875.16,875.16,875.16,875.16,875.16,875.16,875.16,875.16,875.16,875.16,875.16,875.16,875.16,875.16,875.16,875.16,875.16,875.16,875.16,875.16,875.16,875.16,875.16,875.16,875.16,875.16,875.16,875.16,875.16,875.16,875.16,875.16,875.16,875.16,875.16,875.16,875.16,875.16,875.16,875.16,875.16,875.16,875.16,875.16,875.16,875.16,875.16,875.16,875.16,875.16,875.16,875.16,875.16,875.16,875.16,875.16,875.16,875.16,875.16,875.16,875.16,875.16,875.16,875.16,875.16,875.16,875.16,875.16,875.16,875.16,875.16,875.16,875.16,875.16,875.16,875.16,875.16,875.16,875.16,875.16,875.16,875.16,875.16,875.16,875.16,875.16,875.16,875.16,875.16,875.16,875.16,875.16,875.16,875.16,875.16,875.16,875.16,875.16,875.16,875.16,875.16,875.16,875.16,875.16,875.16,875.16,875.16,875.16,875.16,875.16,875.16,875.16,875.16,875.16,875.16,875.16,875.16,875.16,875.16,875.16,875.16,875.16,875.16,875.16,875.16,875.16,875.16,875.16,875.16,875.16,875.16,875.16,875.16,875.16,875.16
1.0503e+06,15409,5812.2,4374.6,2558.2,2071.5,1568.2,1568.2,1284.4,1270.3,1270.3,1143.6,1131,1038.5,1029.2,1027.5,1019.4,986.48,986.48,973.13,967.67,966.78,964.94,928.8,928.8,928.8,894.77,894.77,888.09,888.09,886.79,886.79,883.72,883.72,882.86,882.86,882.81,882.81,882.81,881.02,881.02,881.02,881.02,879.14,879.14,879.14,879.14,879.14,879.14,879.14,876.4,876.4,875.27,875.27,875.27,875.27,872.53,872.53,872.53,871.91,871.91,871.91,871.91,871.91,871.91,871.91,871.91,871.91,871.91,871.91,870.47,870.47,870.47,870.47,870.47,870.47,870.47,870.47,870.47,870.47,870.47,870.47,870.47,870.47,870.47,870.47,870.47,870.47,870.47,870.47,870.47,869.84,869.84,869.84,869.84,869.84,869.84,869.73,869.73,869.73,869.73,869.73,869.73,869.73,869.73,869.73,869.73,869.73,869.73,869.73,869.73,869.73,869.73,869.73,869.73,869.73,869.73,869.73,869.73,869.73,869.73,869.73,869.73,869.73,869.73,869.73,869.73,869.73,869.73,869.73,869.73,869.73,869.73,869.73,869.73,869.73,869.73,869.73,869.73,869.73,869.73,869.73,869.73,869.73,869.73,869.73,869.73,869.73,869.73,869.73,869.73,869.73,869.73,869.73,869.73,869.73,869.73,869.73,869.73,869.73,869.73,869.73,869.73,869.73,869.73,869.73,869.73,869.73,869.73,869.73,869.73,869.73,869.73,869.73,869.73,869.73,869.73,869.73,869.73,869.73,869.73,869.73,869.73,869.73,869.73,869.73,869.73,869.73,869.73,869.73,869.73,869.73,869.73,869.73,869.73,869.73,869.73,869.73,869.73,869.73,869.73,869.73,869.73,869.73,869.73,869.73,869.73,869.73,869.73,869.73,869.73,869.73,869.73,869.73,869.73,869.73,869.73,869.73,869.73,869.73,869.73,869.73,869.73,869.73,869.73,869.73,869.73,869.73,869.73,869.73,869.73,869.73,869.73,869.73,869.73,869.73,869.73,869.73,869.73,869.73,869.73,869.73,869.73,869.73,869.73,869.73,869.73,869.73,869.73,869.73,869.73,869.73,869.73,869.73,869.73,869.73,869.73,869.73,869.73,869.73,869.73,869.73,869.73,869.73,869.73,869.73,869.73,869.73,869.73,869.73,869.73,869.73,869.73,869.73,869.73,869.73,869.73,869.73,869.73,869.73,869.73,869.73,869.73,869.73,869.73,869.73,869.73,869.73,869.73,869.73,869.73,869.73,869.73,869.73,869.73,869.73,869.73,869.73,869.73,869.73,869.73,869.73,869.73,869.73,869.73,869.73,869.73,869.73,869.73,869.73,869.73,869.73,869.73,869.73,869.73,869.73,869.73,869.73,869.73,869.73,869.73,869.73,869.73,869.73,869.73,869.73,869.73,869.73,869.73,869.73,869.73,869.73,869.73,869.73,869.73,869.73,869.73,869.73,869.73,869.73,869.73,869.73,869.73,869.73,869.73,869.73,869.73,869.73,869.73,869.73,869.73,869.73,869.73,869.73,869.73,869.73,869.73,869.73
1.5558e+06,3676.9,3676.9,2406.1,1979.8,1788.6,1746.4,1746.4,1553.8,1337.9,1337.9,1337.9,1283.8,1172.6,1011,1011,980.99,980.99,980.84,980.84,952.71,950.16,950.16,950.16,944.19,934.64,934.64,934.64,910.35,910.35,910.35,910.35,910.35,904.17,904.17,890.09,890.09,890.09,890.09,890.09,890.09,890.09,890.09,890.09,888.5,888.5,887.58,887.58,887.58,887.58,887.58,887.58,887.58,887.58,887.58,887.58,887.58,887.58,887.58,887.58,887.58,887.58,887.58,887.58,887.58,887.58,887.58,887.58,887.58,887.58,887.58,887.58,887.58,887.58,887.58,887.58,887.58,887.58,887.58,887.58,887.58,887.58,887.58,887.58,887.58,887.58,887.58,887.58,887.58,887.58,887.58,887.58,887.58,887.58,887.58,887.58,887.58,887.58,887.58,887.58,887.58,887.58,887.58,887.58,887.58,887.58,887.58,887.58,887.58,887.58,887.58,887.58,887.58,887.58,887.58,887.58,887.39,887.39,887.39,887.39,887.39,887.39,887.39,887.39,887.39,887.39,887.39,887.39,887.39,887.39,887.39,887.39,887.39,887.39,887.39,887.39,887.39,887.39,887.39,887.39,887.39,887.39,887.39,887.39,887.39,887.39,887.39,887.39,887.39,887.39,887.39,887.39,887.39,887.39,887.39,887.39,887.39,887.39,887.39,887.39,887.39,887.39,887.39,887.39,887.39,887.39,887.39,887.39,887.39,887.39,887.39,887.39,887.39,887.39,887.39,887.39,887.39,887.39,887.39,887.39,887.39,887.39,887.39,887.39,887.39,887.39,887.39,887.39,887.39,887.39,887.39,887.39,887.39,887.39,887.39,887.39,887.39,887.39,887.39,887.39,887.39,887.39,887.39,887.39,887.39,887.39,887.39,887.39,887.39,887.39,887.39,887.39,887.39,887.39,887.39,887.39,887.39,887.39,887.39,884.24,884.24,884.24,884.24,884.24,884,884,884,884,884,884,883.88,883.88,883.88,883.88,883.88,883.88,883.88,883.88,883.88,883.88,883.88,883.88,883.88,883.88,883.88,883.88,883.88,883.88,883.88,883.88,883.88,883.88,883.88,883.88,883.88,883.88,883.88,883.88,883.83,883.83,883.83,883.83,883.83,883.83,883.83,883.83,883.83,883.83,883.83,883.83,883.83,883.83,883.83,883.83,883.83,883.83,883.83,883.83,883.83,883.83,883.83,883.83,883.83,883.83,883.83,883.83,883.83,883.83,883.83,883.83,883.83,883.83,883.83,883.83,883.83,883.83,883.83,883.83,883.83,883.83,883.83,883.83,883.83,883.83,883.83,883.83,883.83,883.83,883.83,883.83,883.83,883.83,883.83,883.83,883.83,883.83,883.83,883.83,883.83,883.83,883.83,883.83,883.83,883.83,883.83,883.83,883.83,883.83,883.83,883.83,883.83,883.83,883.83,883.83,883.83,883.83,883.83,883.83,883.83,883.83,883.83,883.83,883.83,883.83,883.83,883.83,883.83,883.83,883.83,883.83,883.83,883.83,883.83,883.83,883.83,883.83,883.83,883.83
2.8962e+06,2.2063e+05,6590.2,5057.3,2627.7,2627.7,2306.5,2043.2,1674.9,1501.2,1444.5,1444.5,1352.3,1352.3,1352.3,1215.8,1215.8,1133.6,1091.8,1091.8,1050.3,1045,1043.9,1043.9,1043.9,1023.4,1014.6,1014.6,1011.2,1011.2,1000.4,1000.4,973.96,973.96,958.15,958.15,958.15,954.21,952.86,952.86,952.86,935.9,935.9,935.9,935.9,935.9,931.28,923.46,921.54,921.54,918.66,918.66,918.66,918.66,913.57,913.57,911.53,911.53,903.05,903.05,903.05,903.05,903.05,902.62,899.14,897.31,897.31,897.31,897.01,897.01,892.97,892.97,892.97,892.24,892.24,892.24,892.24,891.6,887.31,887.31,887.31,886.26,886.26,886.26,886.26,886.26,886.26,885.31,885.31,885.31,884.42,884.42,882.44,882.44,882.44,879.96,879.96,879.96,877.95,877.95,877.95,877.95,877.95,877.95,876.4,876.4,876.4,876.4,876.4,876.4,876.4,876.4,875.75,875.75,875.75,875.75,875.75,875.75,875.75,875.75,875.75,875.75,875.75,875.75,875.75,875.75,875.75,875.75,875.75,875.75,875.75,875.75,875.75,875.75,875.75,875.75,875.75,875.19,875.19,875.19,875.16,875.16,875.16,875.16,875.16,875.16,875.16,875.16,875.16,875.16,875.16,875.16,875.16,875.16,875.16,875.16,875.16,875.16,875.16,875.16,875.16,875.16,875.16,875.16,875.16,875.16,875.16,875.16,875.16,875.16,875.16,875.16,875.16,875.16,875.16,875.16,875.16,875.16,875.16,875.16,875.16,787.02,787.02,787.02,787.02,787.02,787.02,787.02,787.02,787.02,787.02,787.02,787.02,787.02,787.02,787.02,787.02,787.02,787.02,787.02,787.02,787.02,787.02,787.02,787.02,787.02,787.02,787.02,787.02,787.02,787.02,787.02,787.02,787.02,787.02,787.02,787.02,787.02,787.02,787.02,787.02,787.02,787.02,787.02,787.02,787.02,787.02,787.02,787.02,787.02,787.02,787.02,787.02,787.02,787.02,787.02,787.02,787.02,787.02,787.02,787.02,787.02,787.02,787.02,787.02,787.02,787.02,787.02,787.02,787.02,787.02,787.02,787.02,787.02,787.02,787.02,787.02,787.02,787.02,787.02,787.02,787.02,787.02,787.02,787.02,787.02,787.02,787.02,787.02,787.02,787.02,787.02,787.02,787.02,787.02,787.02,787.02,787.02,787.02,787.02,787.02,787.02,787.02,787.02,787.02,787.02,787.02,787.02,787.02,787.02,787.02,787.02,787.02,787.02,787.02,778.95,778.95,778.95,778.95,778.95,778.95,778.95,778.95,778.95,778.95,778.95,778.95,778.95,778.95,778.95,778.95,778.95,778.95,778.95,778.95,778.95,778.95,778.95,778.95,778.95,778.95,778.95,778.95,778.95,778.95,778.95,778.95,778.95,778.95,778.95,778.95,778.95,778.95,778.95,778.95,778.95,778.95,778.95,778.95,778.95,778.95,778.95,778.95,778.95,778.95,778.95,778.95,778.95,778.95,778.95,778.95,778.95,778.95,778.95,778.95,778.95,778.95,778.95
2696.1,2136.8,2136.8,1659.8,1590.1,1352.9,1282.7,1282.7,1268.9,1253.5,1228.1,1029.8,1029.8,1029.8,1029.8,1009.6,1004,999.46,994.07,994.07,994.07,994.07,939.82,939.82,939.82,933.15,916.21,916.21,916.21,915.89,915.89,915.06,915.06,910.76,907.71,907.71,907.71,907.71,903.97,902.67,902.67,897.5,884.76,884.76,884.76,884.76,884.76,884.76,882.49,882.49,882.49,882.49,882.49,882.49,882.49,882.01,882.01,882.01,877.02,877.02,877.02,877.02,877.02,877.02,877.02,877.02,877.02,876.6,876.6,876.6,876.6,876.6,876.6,876.6,876.6,876.6,876.6,876.6,876.6,876.6,876.6,876.6,876.6,876.6,876.6,876.6,876.6,876.6,876.18,876.18,876.18,874.86,874.86,874.86,874.86,874.86,874.86,874.86,874.86,874.86,874.86,874.86,874.86,874.86,874.86,874.86,874.86,874.86,874.86,874.86,874.86,874.86,874.86,874.86,874.86,874.86,874.86,874.86,874.86,874.86,874.86,874.86,874.86,874.86,874.86,874.86,874.86,874.86,874.86,874.86,874.86,874.86,874.86,874.86,874.86,874.86,874.86,874.86,874.86,874.86,874.86,874.86,874.86,874.86,874.86,874.86,874.86,874.86,874.86,874.86,874.86,874.86,874.86,874.86,874.86,874.86,874.86,874.86,874.86,874.86,874.86,874.86,874.86,874.86,874.86,874.86,874.86,874.86,874.86,874.86,874.86,874.86,874.86,874.86,874.86,874.86,874.86,874.86,874.86,874.86,874.86,874.86,874.86,874.86,874.86,874.86,874.86,874.86,874.86,874.86,874.86,874.86,874.86,874.86,874.86,874.86,874.86,874.86,874.86,874.86,874.86,874.86,874.86,874.86,874.86,874.86,874.86,874.86,874.86,874.86,874.86,874.86,874.86,874.86,874.86,874.86,874.86,874.86,874.86,874.86,874.86,874.86,874.86,874.86,874.86,874.86,874.86,874.86,874.86,874.86,874.86,874.86,874.86,874.86,874.86,874.86,874.86,874.86,874.86,874.86,874.86,874.86,874.86,872.52,872.52,872.52,872.52,872.52,872.52,872.52,872.52,872.52,872.52,872.52,872.52,872.52,872.52,872.52,872.04,872.04,872.04,872.04,872.04,872.04,872.04,871.23,871.23,871.23,871.23,871.23,871.23,871.23,871.23,871.21,871.21,871.21,869.84,869.84,869.84,869.84,869.84,869.84,869.84,869.73,869.73,869.73,869.73,869.73,869.73,869.73,869.73,869.73,869.73,869.73,869.73,869.73,869.73,869.73,869.73,869.73,869.73,869.73,869.73,869.73,869.73,869.73,869.73,869.73,869.73,869.73,869.73,869.73,869.73,869.73,869.73,869.73,869.73,869.73,869.73,869.73,869.73,869.73,869.73,869.73,869.73,869.73,869.73,869.73,869.73,869.73,869.73,869.73,869.73,869.73,869.73,869.73,869.73,869.73,869.73,869.73,869.73,869.73,869.73,869.73,869.73,869.73,869.73,869.73,869.73,869.73,869.73,869.73,869.73,869.73,869.73,869.73,869.73,869.73
6287.7,3727,3425.3,2972.1,2763.7,2322.6,2100.8,1745.9,1495.5,1366.6,1277.8,1229.6,1036.1,1036.1,1036.1,1036.1,1033.3,997.84,997.84,993,993,953.67,953.67,953.67,950.16,943.35,937.02,927.37,924.87,924.87,924.87,924.87,923.39,923.39,921.68,921.68,921.68,921.68,921.68,921.68,921.68,921.68,917.11,917.11,917.11,917.11,912.92,912.92,912.92,912.92,912.92,912.92,912.92,912.5,912.5,912.5,912.5,912.5,912.05,912.05,912.05,912.05,912.05,912.05,912.05,912.05,912.05,911.96,911.96,911.96,911.96,911.96,911.96,911.96,911.96,911.96,911.96,911.96,897.21,897.21,897.21,897.21,897.21,897.21,896.58,896.58,896.58,896.52,896.52,896.52,896.52,896.52,896.52,896.52,896.52,896.52,896.52,896.52,896.52,896.52,896.52,896.52,896.52,896.52,896.52,896.52,896.52,896.52,891.9,891.9,891.9,891.9,891.9,891.9,891.86,891.86,891.86,891.86,891.86,891.86,891.86,891.86,891.86,891.86,891.86,891.86,891.86,891.86,891.86,891.86,891.86,891.86,891.86,891.86,891.86,891.86,891.86,891.86,891.86,891.86,891.86,891.86,891.86,891.86,891.86,891.86,891.86,891.86,891.86,891.86,891.86,891.86,891.86,891.86,891.86,891.86,891.86,891.86,891.86,891.86,891.86,891.86,891.86,891.86,891.86,891.86,891.86,891.86,891.86,891.86,891.86,891.86,891.86,891.86,891.86,891.86,891.86,891.86,887.11,887.11,887.11,887.11,887.11,887.11,887.11,887.11,887.11,887.11,887.11,887.11,887.11,887.11,887.11,887.11,887.11,887.11,886.44,886.44,886.44,886.44,886.44,886.44,873.83,873.83,873.83,873.83,873.83,873.83,873.83,873.83,873.83,873.83,873.83,873.83,873.83,873.83,873.83,873.83,873.83,873.83,873.83,873.83,873.83,873.83,873.83,873.83,873.83,873.83,873.83,873.83,873.83,873.83,873.83,873.83,873.83,873.83,873.83,873.83,873.83,873.83,873.83,873.83,873.83,873.83,873.83,873.83,873.83,873.83,873.83,873.83,873.83,873.83,873.83,873.83,873.83,873.83,869.73,869.73,869.73,869.73,869.73,869.73,869.73,869.73,869.73,869.73,869.73,869.73,869.73,869.73,869.73,869.73,869.73,869.73,869.73,869.73,869.73,869.73,869.73,869.73,869.73,869.73,869.73,869.73,869.73,869.73,869.73,869.73,869.73,869.73,869.73,869.73,869.73,869.73,869.73,869.73,869.73,869.73,869.73,869.73,869.73,869.73,869.73,869.73,869.73,869.73,869.73,869.73,869.73,869.73,869.73,869.73,869.73,869.73,869.73,869.73,869.73,869.73,869.73,869.73,869.73,869.73,869.73,869.73,869.73,869.73,869.73,869.73,869.73,869.73,869.73,869.73,869.73,869.73,869.73,869.73,869.73,869.73,869.73,869.73,869.73,869.73,869.73,869.73,869.73,869.73,869.73,869.73,869.73,869.73,869.73,869.73,869.73,869.73,869.73,869.73,869.73,869.73
3959.9,3959.9,3269.6,3111.1,1892.9,1679.7,1679.7,1538.2,1536.1,1529.8,1440,1258.7,1234.5,1234.5,1129,1095.7,1095.7,1028.2,1028.2,980.61,977.56,977.56,977.56,959.32,959.32,939.21,939.21,937.94,937.94,934.57,934.57,934.57,934.57,930.83,930.83,930.83,930.83,930.83,928.52,928.52,905.8,905.8,905.8,892.7,892.7,892.7,892.7,892.16,892.16,892.16,892.16,892.16,892.16,887.52,887.52,887.52,887.52,885.55,885.55,885.55,885.55,885.45,885.45,885.45,885.45,885.45,885.45,885.45,885.45,885.45,885.45,885.45,885.45,885.45,885.45,885.45,885.45,885.45,885.45,885.45,885.45,885.45,885.45,885.45,885.45,885.45,885.45,885.45,885.45,885.45,885.45,885.45,885.45,885.45,885.45,885.45,885.45,885.45,885.45,885.45,885.45,885.45,885.45,885.45,885.45,885.45,883.86,883.86,883.86,883.86,883.86,883.86,883.86,883.86,883.86,883.86,883.86,883.86,883.86,883.86,883.86,883.86,883.86,883.86,883.86,883.86,883.86,883.86,883.86,883.86,883.86,883.86,883.86,883.86,883.86,883.86,883.86,883.86,883.86,883.86,883.86,883.86,883.86,883.86,883.86,883.86,883.86,883.86,883.86,883.86,883.86,883.86,883.86,883.86,883.86,883.86,883.86,883.86,883.86,883.86,883.86,883.86,883.86,883.86,883.86,883.86,883.86,883.86,883.86,883.86,883.86,883.86,883.86,883.86,883.86,883.86,883.86,883.86,883.86,883.86,883.86,883.86,883.86,883.86,883.86,883.86,883.86,883.86,883.86,883.86,883.86,883.86,883.86,883.86,883.86,883.86,883.86,883.86,883.86,883.86,883.86,883.86,883.86,883.86,883.86,883.86,883.86,883.86,883.86,883.86,883.86,883.86,883.86,883.86,883.86,883.86,883.86,883.86,883.86,883.86,883.86,883.86,883.86,883.86,883.86,883.86,883.86,883.86,883.86,883.86,883.86,883.86,883.86,883.86,883.86,883.86,883.86,883.86,883.86,883.86,883.86,883.86,883.86,883.86,883.86,879.01,879.01,879.01,879.01,879.01,879.01,879.01,879.01,879.01,879.01,879.01,879.01,879.01,879.01,879.01,879.01,879.01,879.01,879.01,879.01,879.01,879.01,879.01,879.01,879.01,879.01,879.01,879.01,879.01,879.01,879.01,879.01,879.01,879.01,879.01,879.01,879.01,879.01,879.01,879.01,879.01,879.01,879.01,879.01,879.01,879.01,879.01,879.01,879.01,879.01,879.01,879.01,879.01,879.01,879.01,879.01,879.01,879.01,879.01,879.01,879.01,879.01,879.01,879.01,879.01,879.01,879.01,879.01,879.01,879.01,879.01,879.01,879.01,879.01,879.01,879.01,879.01,879.01,879.01,879.01,879.01,879.01,879.01,879.01,879.01,879.01,879.01,879.01,879.01,879.01,879.01,879.01,879.01,878.33,878.33,878.33,878.33,878.33,878.33,878.33,878.33,878.33,878.33,878.33,878.33,878.33,878.33,878.33,878.33,878.33,878.33,878.33,878.33
5747.8,3219.8,2648,2593,1736.6,1647,1599,1492.7,1392,1359.6,1359.6,1359.6,1149.8,1130.1,1071.8,1071.8,1071.8,1051.1,1044.7,1044.7,1044.7,1044.7,995.53,994.61,958.14,958.14,958.14,958.14,949.96,949.96,949.96,949.96,949.96,949.96,949.96,948.3,948.3,948.3,948.3,948.3,946.35,946.35,946.35,946.35,945.54,939.73,939.73,917.83,917.83,917.83,917.83,905.46,905.46,905.46,902.26,902.26,899.99,899.28,899.28,899.28,898.42,898.37,898.37,898.37,898.37,896.95,896.95,896.95,896.95,894.92,894.92,894.92,894.92,894.92,894.92,894.92,894.63,894.63,894.63,894.63,894.63,894.63,894.63,894.17,894.17,894.17,894.17,894.17,894.17,892.58,892.58,892.58,892.58,891.47,891.47,891.47,891.47,891.08,891.08,891.08,891.08,891.08,891.08,891.08,891.08,891.08,891.08,891.08,891.08,891.08,891.08,891.08,891.08,891.08,891.08,891.08,891.08,891.08,891.08,891.08,891.08,891.08,891.08,891.08,891.08,891.08,891.08,891.08,891.08,891.08,891.08,891.08,891.08,891.08,891.08,891.08,891.08,891.08,891.08,891.08,891.08,891.08,891.08,891.08,891.08,891.08,891.08,891.08,891.08,891.08,891.08,891.08,891.08,891.08,891.08,891.08,891.08,891.08,891.08,891.08,891.08,891.08,891.08,891.08,891.08,891.08,891.08,891.08,891.08,891.08,891.08,891.08,891.08,891.08,891.08,891.08,891.08,891.08,891.08,891.08,891.08,891.08,891.08,891.08,891.08,891.08,891.08,891.08,891.08,891.08,891.08,891.08,891.08,891.08,891.08,891.03,891.03,891.03,891.03,891.03,891.03,891.03,891.03,891.03,891.03,891.03,891.03,891.03,891.03,891.03,891.03,891.03,891.03,891.03,891.03,891.03,891.03,891.03,891.03,891.03,891.03,891.03,891.03,891.03,891.03,891.03,891.03,891.03,891.03,891.03,891.03,891.03,891.03,891.03,891.03,891.03,891.03,891.03,891.03,891.03,891.03,891.03,891.03,891.03,891.03,891.03,891.03,891.03,891.03,891.03,891.03,891.03,891.03,891.03,891.03,891.03,891.03,891.03,891.03,891.03,891.03,891.03,891.03,891.03,891.03,891.03,891.03,891.03,891.03,891.03,891.03,891.03,891.03,891.03,891.03,891.03,891.03,891.03,891.03,891.03,891.03,891.03,891.03,891.03,891.03,891.03,891.03,891.03,891.03,891.03,891.03,891.03,891.03,891.03,891.03,891.03,891.03,891.03,891.03,891.03,891.03,891.03,891.03,891.03,891.03,891.03,891.03,891.03,891.03,891.03,891.03,891.03,891.03,891.03,891.03,891.03,891.03,891.03,891.03,891.03,891.03,891.03,891.03,891.03,891.03,891.03,891.03,891.03,891.03,891.03,891.03,891.03,891.03,891.03,891.03,891.03,891.03,891.03,891.03,891.03,891.03,891.03,891.03,891.03,891.03,891.03,891.03,891.03,891.03,891.03,891.03,891.03,891.03,891.03,891.03,891.03,891.03,891.03
3037.5,2941,2394,2024,2024,1737.9,1450,1338.6,1271,1245.2,1230.5,1230.5,1105.1,1105.1,1105.1,1078.4,1078.4,1027.8,1027.8,1027.8,1009.8,1009.8,969.13,969.13,969.13,963.81,949.33,949.33,945.05,945.05,937.88,937.8,937.8,937.8,937.8,937.43,934.44,934.44,934.44,934.44,934.44,934.44,788.99,788.99,788.99,788.99,788.99,788.99,788.99,788.99,788.99,788.99,788.99,788.99,788.99,788.99,788.99,788.99,788.99,788.99,788.99,788.99,788.99,788.99,788.99,788.99,788.99,788.99,788.99,788.99,788.99,788.99,788.99,788.99,788.99,788.99,788.99,788.99,788.99,788.99,788.99,788.99,788.99,788.99,788.99,788.99,788.99,788.99,788.99,788.99,788.99,788.99,788.99,788.99,788.99,788.99,788.99,788.99,788.99,788.99,788.99,788.99,788.99,788.99,788.99,788.99,788.99,788.99,788.99,788.99,788.99,788.99,788.99,788.99,788.99,788.99,788.99,788.99,788.99,788.99,788.99,788.99,788.99,788.99,788.99,788.99,788.99,788.99,788.99,788.99,788.99,788.99,788.99,788.99,788.99,788.99,788.99,788.99,788.99,788.99,788.99,788.99,788.99,788.99,788.99,788.99,788.99,788.99,788.99,788.99,788.99,788.99,788.99,788.99,788.99,788.99,788.99,788.99,788.99,788.99,788.99,788.99,788.99,788.99,788.99,788.99,788.99,788.99,788.99,788.99,788.99,788.99,788.99,788.99,788.99,788.99,788.99,788.99,788.99,788.99,788.99,788.99,788.99,788.99,788.99,788.99,788.99,788.99,788.99,788.99,788.99,788.99,788.99,788.99,788.99,788.99,788.99,788.99,788.99,788.99,788.99,788.99,788.99,788.99,788.99,788.99,788.99,788.99,788.99,788.99,788.99,788.99,788.99,788.99,788.99,788.99,788.99,788.99,788.99,788.99,788.99,788.99,788.99,788.99,788.99,788.99,788.99,788.99,788.99,788.99,788.99,788.99,788.99,788.99,788.99,788.99,788.99,788.99,788.99,788.99,788.99,788.99,788.99,788.99,788.99,788.99,788.99,788.99,788.99,788.99,788.99,788.99,788.99,788.99,788.99,788.99,788.99,788.99,788.99,788.99,788.99,788.99,788.99,788.99,788.99,788.99,788.99,788.99,788.99,788.99,788.99,788.99,788.99,788.99,788.99,788.99,788.99,788.99,788.99,788.99,788.99,788.99,788.99,788.99,788.99,788.99,788.99,788.99,788.99,788.99,788.99,788.99,788.99,788.99,788.99,788.99,788.99,788.99,788.99,788.99,788.99,788.99,788.99,788.99,788.99,788.99,788.99,788.99,788.99,788.99,788.99,788.99,788.99,788.99,788.99,788.99,788.99,788.99,788.99,788.99,788.99,788.99,788.99,788.99,788.99,788.99,788.99,788.99,788.99,788.99,788.99,788.99,788.99,788.99,788.99,788.99,788.99,788.99,788.99,788.99,788.99,788.99,788.99,788.99,788.99,788.99,788.99,788.99,788.99,788.99,788.99,788.99,788.99,788.99,788.99,788.99,788.99,788.99
6403.5,3869.8,3081.3,2089.4,2089.4,2089.4,2083.2,1923.2,1867.1,1807.4,1506.3,1465.3,1465.3,1452.6,1291.6,1211.8,1211.8,1167.2,1148.9,1069,1069,1050.8,1033.8,1033.8,1033.8,1014.9,1014.9,987.05,987.05,982.24,961.32,961.32,961.32,956.47,952.65,952.65,952.65,952.65,950.73,932.57,932.57,932.57,932.57,928.48,928.48,928.48,928.43,928.43,907.98,907.98,900.61,900.61,900.61,900.61,900.61,900.61,900.61,900.61,900.61,900.61,897.75,897.75,897.61,897.61,897.61,897.61,897.61,897.61,897.61,897.61,897.61,897.61,897.61,896.18,896.18,896.18,896.18,881.4,881.4,881.4,881.4,881.4,881.4,881.4,881.4,881.4,881.4,881.4,881.4,881.35,881.35,881.31,881.31,881.31,876.6,876.6,876.6,876.6,876.6,876.6,876.6,875.96,875.96,875.96,875.96,875.96,875.69,875.43,875.43,875.43,875.43,875.16,875.16,875.16,875.16,875.16,875.16,875.16,875.16,875.16,875.16,875.16,875.16,875.16,875.16,875.16,875.16,875.16,875.16,875.16,875.16,875.16,875.16,875.16,875.16,875.16,875.16,875.16,875.16,875.16,875.16,875.16,875.16,875.16,875.16,875.16,875.16,875.16,875.16,875.16,875.16,875.16,875.16,875.16,875.16,875.16,875.16,875.16,875.16,875.16,875.16,875.16,875.16,875.16,875.16,875.16,875.16,875.16,875.16,875.16,875.16,875.16,875.16,875.16,875.16,875.16,875.16,875.16,875.16,875.16,875.16,875.16,875.16,875.16,875.16,875.16,875.16,875.16,875.16,875.16,875.16,875.16,875.16,875.16,875.16,875.16,875.16,875.16,875.16,875.16,875.16,875.16,875.16,875.16,875.16,875.16,875.16,875.16,875.16,875.16,875.16,875.16,875.16,875.16,875.16,875.16,875.16,875.16,875.16,875.16,875.16,875.16,875.16,875.16,875.16,875.16,875.16,875.16,875.16,875.16,875.16,875.16,875.16,875.16,875.16,875.16,875.16,875.16,875.16,875.16,875.16,875.16,875.16,875.16,875.16,875.16,875.16,875.16,875.16,875.16,875.16,875.16,875.16,875.16,875.16,875.16,875.16,875.16,875.16,875.16,875.16,875.16,875.16,875.16,875.16,875.16,875.16,875.16,875.16,875.16,875.16,875.16,875.16,875.16,875.16,875.16,875.16,875.16,875.16,875.16,875.16,875.16,875.16,875.16,875.16,875.16,875.16,875.16,875.16,875.16,875.16,875.16,875.16,875.16,875.16,875.16,875.16,875.16,875.16,875.16,875.16,875.16,875.16,875.16,875.16,875.16,875.16,875.16,875.16,875.16,875.16,875.16,875.16,875.16,875.16,875.16,875.16,875.16,875.16,875.16,875.16,875.16,875.16,875.16,875.16,875.16,875.16,875.16,875.16,875.16,875.16,875.16,875.16,875.16,875.16,875.16,875.16,875.16,875.16,875.16,875.16,875.16,875.16,875.16,875.16,875.16,875.16,875.16,875.16,875.16,875.16,875.16,875.16,875.16,875.16,875.16,875.16,875.16
4994.3,4793.4,4168.5,3426.5,3426.5,3426.5,3021.4,1536.7,1536.7,1416.1,1157,1157,1046.4,1046.4,1004.2,1004.2,980.22,980.22,980.22,972.92,927.99,927.99,927.99,927.99,927.99,927.99,927.99,918.5,918.5,918.5,918.5,900.69,900.69,900.69,900.69,900.69,898.57,898.57,898.57,898.57,898.57,895.84,895.84,895.84,895.48,895.48,895.48,895.48,895.48,895.16,895.16,895.16,895.06,895.06,895.06,895.06,895.06,895.06,895.06,895.06,895.06,895.06,895.06,895.06,895.06,895.06,895.06,893.88,893.88,893.88,893.44,893.44,893.44,893.44,893.44,893.44,893.44,893.44,893.44,893.44,893.44,893.44,893.44,893.44,893.44,893.44,892.3,892.3,892.3,892.3,892.3,892.3,892.3,891.86,891.86,891.86,891.86,891.86,891.86,891.86,891.86,891.86,891.86,891.86,891.86,891.86,891.86,891.86,891.86,891.86,891.86,891.86,891.86,891.86,891.86,891.86,891.86,891.86,891.86,891.86,891.86,891.86,891.86,891.86,891.86,891.86,891.86,891.86,891.86,891.86,891.86,891.86,891.86,891.86,891.86,891.86,891.86,891.86,891.86,891.86,891.86,891.86,891.86,891.86,891.86,891.86,891.86,891.86,891.86,891.86,891.86,891.86,891.86,891.86,891.86,891.86,891.86,891.86,891.86,891.86,891.86,879.25,879.25,879.25,879.25,879.25,879.25,879.25,879.25,879.25,875.16,875.16,875.16,875.16,875.16,875.16,875.16,875.16,875.16,875.16,875.16,875.16,875.16,875.16,875.16,875.16,875.16,875.16,875.16,875.16,875.16,875.16,875.16,875.16,875.16,875.16,875.16,875.16,875.16,875.16,875.16,875.16,875.16,875.16,875.16,875.16,875.16,875.16,875.16,875.16,875.16,875.16,875.16,875.16,875.16,875.16,875.16,875.16,875.16,875.16,875.16,875.16,875.16,875.16,875.16,875.16,875.16,875.16,875.16,875.16,875.16,875.16,875.16,875.16,875.16,875.16,875.16,875.16,875.16,875.16,875.16,875.16,875.16,875.16,875.16,875.16,875.16,875.16,875.16,875.16,875.16,875.16,875.16,875.16,875.16,875.16,875.16,875.16,875.16,875.16,875.16,875.16,875.16,875.16,875.16,875.16,875.16,875.16,875.16,875.16,875.16,875.16,875.16,875.16,875.16,875.16,875.16,875.16,875.16,875.16,875.16,875.16,875.16,875.16,875.16,875.16,875.16,875.16,875.16,875.16,875.16,875.16,875.16,875.16,875.16,875.16,875.16,875.16,875.16,875.16,875.16,875.16,875.16,875.16,875.16,875.16,875.16,875.16,875.16,875.16,875.16,875.16,875.16,875.16,875.16,875.16,875.16,875.16,875.16,875.16,875.16,875.16,875.16,875.16,875.16,875.16,875.16,875.16,875.16,875.16,875.16,875.16,875.16,875.16,875.16,875.16,875.16,875.16,875.16,875.16,875.16,875.16,875.16,875.16,875.16,875.16,875.16,875.16,875.16,875.16,875.16,875.16,875.16,875.16,875.16,875.16,875.16,875.16
1.2512e+05,2159.3,1846.6,1514.2,1514.2,1514.2,1422.6,1255.9,1255.9,1255.9,1142.6,1142.6,1084.6,1049.2,1030.7,1006.6,1006.6,1006.6,1003.7,1003.7,982.91,982.91,982.91,973.33,924.65,924.65,923.88,923.88,915.43,915.43,915.43,915.43,915.2,907.21,907.21,907.21,907.21,901.12,897.13,897.13,888.6,888.6,888.6,888.6,888.6,888.6,888.6,883.5,883.5,883.5,883.5,883.5,878.88,878.88,878.88,878.88,878.88,878.88,878.88,878.88,878.88,878.84,878.84,878.84,878.84,878.84,878.84,878.84,878.84,878.84,878.84,878.84,878.84,878.84,878.84,878.84,878.84,878.84,878.84,878.84,878.84,878.84,878.84,878.84,878.84,878.84,878.84,878.84,878.84,877.89,877.89,877.89,877.89,877.89,877.89,877.89,877.89,877.89,877.89,877.89,877.89,877.89,877.89,877.89,875.16,875.16,875.16,875.16,875.16,875.16,875.16,875.16,875.16,875.16,875.16,875.16,875.16,875.16,875.16,875.16,875.16,875.16,875.16,875.16,875.16,875.16,875.16,875.16,875.16,875.16,875.16,875.16,875.16,875.16,875.16,875.16,875.16,875.16,875.16,875.16,875.16,875.16,875.16,875.16,875.16,875.16,875.16,875.16,875.16,875.16,875.16,875.16,875.16,875.16,875.16,875.16,875.16,875.16,875.16,875.16,875.16,875.16,875.16,875.16,875.16,875.16,875.16,875.16,875.16,875.16,875.16,875.16,875.16,875.16,875.16,875.16,875.16,875.16,875.16,875.16,875.16,875.16,875.16,875.16,875.16,875.16,875.16,875.16,875.16,875.16,875.16,875.16,875.16,875.16,875.16,875.16,875.16,875.16,875.16,875.16,875.16,875.16,875.16,875.16,875.16,875.16,875.16,875.16,875.16,875.16,875.16,875.16,875.16,875.16,875.16,875.16,875.16,875.16,875.16,875.16,875.16,875.16,875.16,875.16,875.16,875.16,875.16,875.16,875.16,875.16,875.16,875.16,875.16,875.16,875.16,875.16,875.16,875.16,875.16,875.16,875.16,875.16,875.16,875.16,875.16,875.16,875.16,875.16,875.16,875.16,875.16,875.16,875.16,875.16,875.16,875.16,875.16,875.16,875.16,875.16,875.16,875.16,875.16,875.16,875.16,875.16,875.16,875.16,875.16,875.16,875.16,875.16,875.16,875.16,875.16,875.16,875.16,875.16,875.16,875.16,875.16,875.16,875.16,875.16,875.16,875.16,875.16,875.16,875.16,875.16,875.16,875.16,875.16,875.16,875.16,875.16,875.16,875.16,875.16,875.16,875.16,875.16,875.16,875.16,875.16,875.16,875.16,875.16,875.16,875.16,875.16,875.16,875.16,875.16,875.16,875.16,875.16,875.16,875.16,875.16,875.16,875.16,875.16,875.16,875.16,875.16,875.16,875.16,875.16,875.16,875.16,875.16,875.16,875.16,875.16,875.16,875.16,875.16,875.16,875.16,875.16,875.16,875.16,875.16,875.16,875.16,875.16,875.16,875.16,875.16,875.16,875.16,875.16,875.16,875.16,875.16,875.16,875.16
1.4732e+06,4946.3,2655.9,1728.2,1632.3,1350.4,1350.4,1350.4,1218.5,1218.5,1161.7,1161.7,1161.7,1161.7,1150.6,1144.5,1016.6,1016.6,1016.6,1016.6,1016.6,1016.6,1016.6,1002.5,1002.5,994.47,994.47,988.78,988.78,938.2,938.2,938.2,931.76,931.76,916.53,916.53,913.08,913.08,908.15,908.15,908.15,900.64,900.64,899.16,898.97,898.97,894.39,894.39,885.7,885.7,883.38,880.51,880.51,880.49,880.49,880.49,879.89,878.96,878.96,878.96,878.96,878.96,878.96,878.22,878.22,878.22,878.22,878.22,878.22,878.22,878.22,876.71,876.71,876.71,876.71,876.71,876.71,876.71,876.71,876.71,876.71,876.71,876.71,876.71,876.27,876.27,876.27,876.27,876.27,876.27,876.27,876.27,876.27,876.27,876.27,876.27,876.27,876.27,876.27,876.27,876.27,875.54,875.54,875.54,875.54,875.54,875.54,875.54,875.54,875.54,874.86,874.86,874.86,874.86,874.86,874.86,874.86,874.86,874.86,874.86,874.86,874.86,874.86,874.86,874.86,874.86,874.86,874.86,874.86,874.86,874.86,874.86,874.86,874.86,874.86,874.86,874.86,874.86,874.86,874.86,874.86,874.86,874.86,874.86,874.86,874.86,874.86,874.86,874.86,874.86,874.86,874.86,874.86,874.86,874.86,874.86,874.86,874.86,874.86,874.86,874.86,874.86,874.86,874.86,874.86,874.86,874.86,874.86,874.86,874.86,874.86,874.86,874.86,874.86,874.86,874.86,874.86,874.86,874.86,874.86,874.86,874.86,874.86,874.86,874.86,874.86,874.86,874.86,874.86,874.86,874.86,874.86,874.86,874.86,874.86,874.86,874.86,874.86,874.86,874.86,874.86,874.86,874.86,874.86,874.86,874.86,874.86,874.86,874.86,874.86,874.86,874.86,874.86,874.86,874.86,874.86,874.86,874.86,874.86,874.86,874.86,874.86,874.86,874.86,874.86,874.86,874.86,874.86,874.86,874.86,874.86,874.86,874.86,874.86,874.86,874.86,874.86,874.86,874.86,874.86,874.86,874.86,874.86,874.86,874.86,874.86,874.86,874.86,874.86,874.86,874.86,874.86,874.86,874.86,874.86,874.86,874.86,874.86,874.86,874.86,874.86,874.86,874.86,874.86,874.86,874.86,874.86,874.86,874.86,874.86,874.86,874.86,874.86,874.86,874.86,874.86,874.86,874.86,874.86,874.86,874.86,874.86,874.86,874.86,874.86,874.86,874.86,874.86,874.86,874.86,874.86,874.86,874.86,874.86,874.86,874.86,874.86,874.86,874.86,874.86,874.86,874.86,874.86,874.86,874.86,874.86,874.86,874.86,874.86,874.86,874.86,874.86,874.86,874.86,874.86,874.86,874.86,874.86,874.86,874.86,874.86,874.86,874.86,874.86,874.86,874.86,874.86,874.86,874.86,874.86,874.86,874.86,874.86,874.86,874.86,874.86,874.86,874.86,874.86,874.86,874.86,874.86,874.86,874.86,874.86,874.86,874.86,874.86,874.86,874.86,874.86,874.86,874.86,874.86,874.86,874.86,874.86,874.86
7.001e+05,2606.9,1870,1455.9,1455.9,1350.6,1306.1,1285.8,1212.5,1212.5,1182.7,1179.1,1052.7,1052.7,1052.7,1035.6,1035.6,1004.1,1004.1,1004.1,1004.1,1000.9,1000.1,958.61,958.61,958.61,958.61,958.61,958.61,958.61,956.12,956.12,954.3,954.3,948.87,948.87,948.87,904.62,904.62,904.62,904.27,904.27,900.28,900.28,900.28,900.28,900.28,900.28,900.28,900.28,900.28,900.28,900.28,900.28,900.28,900.28,900.28,900.28,900.28,900.28,900.28,900.28,900.28,900.28,898.49,898.49,898.49,898.49,898.49,898.49,898.49,898.49,896.02,896.02,896.02,896.02,894.56,894.56,894.56,894.56,894.56,894.56,894.56,894.56,894.56,894.56,894.56,894.56,894.26,894.26,894.26,894.26,892.68,892.68,892.68,892.68,892.68,892.68,892.68,892.68,892.68,892.68,892.68,892.68,892.68,892.68,891.66,891.66,891.66,891.66,891.66,891.66,891.66,891.03,891.03,891.03,891.03,891.03,891.03,891.03,891.03,891.03,891.03,891.03,891.03,891.03,891.03,891.03,891.03,891.03,891.03,891.03,891.03,891.03,891.03,891.03,891.03,891.03,891.03,891.03,891.03,891.03,891.03,891.03,891.03,891.03,891.03,891.03,891.03,891.03,891.03,891.03,891.03,891.03,891.03,891.03,891.03,891.03,891.03,891.03,891.03,891.03,891.03,891.03,891.03,891.03,891.03,891.03,891.03,891.03,891.03,891.03,891.03,891.03,891.03,891.03,891.03,891.03,891.03,891.03,891.03,891.03,891.03,891.03,891.03,891.03,891.03,891.03,891.03,891.03,891.03,891.03,891.03,891.03,891.03,891.03,891.03,891.03,891.03,891.03,891.03,891.03,891.03,891.03,891.03,891.03,891.03,891.03,891.03,891.03,891.03,891.03,891.03,891.03,891.03,891.03,891.03,891.03,891.03,891.03,891.03,891.03,891.03,891.03,891.03,891.03,891.03,891.03,891.03,891.03,891.03,891.03,891.03,891.03,891.03,891.03,891.03,891.03,891.03,891.03,891.03,891.03,891.03,891.03,891.03,891.03,891.03,891.03,891.03,891.03,891.03,891.03,891.03,891.03,891.03,891.03,891.03,891.03,891.03,891.03,891.03,891.03,891.03,891.03,891.03,891.03,891.03,891.03,891.03,891.03,891.03,891.03,891.03,891.03,891.03,891.03,891.03,891.03,891.03,891.03,891.03,891.03,891.03,891.03,891.03,891.03,891.03,891.03,891.03,891.03,891.03,891.03,891.03,891.03,891.03,891.03,891.03,891.03,891.03,891.03,891.03,891.03,891.03,891.03,891.03,891.03,891.03,891.03,891.03,891.03,891.03,891.03,891.03,891.03,891.03,891.03,891.03,891.03,891.03,891.03,891.03,891.03,891.03,891.03,891.03,891.03,891.03,891.03,891.03,891.03,891.03,891.03,891.03,891.03,891.03,891.03,891.03,891.03,891.03,891.03,891.03,891.03,891.03,891.03,891.03,891.03,891.03,891.03,891.03,891.03,891.03,891.03,891.03,891.03,891.03,891.03,891.03,891.03
4.922e+05,5545.2,3789,1474.1,1474.1,1439.8,1432.2,1387.9,1377.8,1344.7,1203.5,1203.5,1186.4,1186.4,1055.2,1055.2,1029.2,1029.2,1014.7,1002.3,1002.3,997.9,997.9,997.72,990.89,990.89,982.18,981.53,981.53,975.92,975.92,971,951.1,951.1,951.1,948.64,948.64,948.64,948.64,948.64,898.06,898.06,898.06,898.06,897.66,897.66,897.17,897.17,897.17,897.17,894.96,894.96,894.96,894.96,894.96,894.96,893.98,893.98,893.98,893.98,893.98,893.98,893.98,893.98,893.98,893.98,893.98,892.96,892.96,892.96,892.96,892.96,892.96,892.96,892.96,892.96,892.96,892.96,892.96,892.96,892.96,892.96,892.96,892.96,892.96,892.96,892.96,892.66,892.66,892.66,892.66,892.66,892.66,892.66,892.66,892.62,892.62,892.62,892.62,892.62,892.62,892.62,892.62,892.62,892.62,892.62,892.62,892.62,892.62,892.62,892.62,892.62,892.62,892.62,892.62,892.62,892.62,892.62,891.03,891.03,891.03,891.03,891.03,891.03,891.03,891.03,891.03,891.03,891.03,891.03,891.03,891.03,891.03,891.03,891.03,891.03,891.03,891.03,891.03,891.03,891.03,891.03,891.03,891.03,891.03,891.03,891.03,891.03,891.03,891.03,891.03,891.03,891.03,891.03,891.03,891.03,891.03,891.03,891.03,891.03,891.03,891.03,891.03,891.03,891.03,891.03,891.03,891.03,891.03,891.03,891.03,891.03,891.03,891.03,891.03,891.03,891.03,891.03,891.03,891.03,891.03,891.03,891.03,891.03,891.03,891.03,891.03,891.03,891.03,891.03,891.03,891.03,891.03,891.03,891.03,891.03,891.03,891.03,891.03,891.03,891.03,891.03,891.03,891.03,891.03,891.03,891.03,891.03,891.03,891.03,891.03,891.03,891.03,891.03,891.03,891.03,891.03,891.03,891.03,891.03,891.03,891.03,891.03,891.03,891.03,891.03,891.03,891.03,891.03,891.03,891.03,891.03,891.03,891.03,891.03,891.03,891.03,891.03,891.03,891.03,891.03,891.03,891.03,891.03,891.03,891.03,891.03,891.03,891.03,891.03,891.03,891.03,891.03,891.03,891.03,891.03,891.03,891.03,891.03,891.03,891.03,891.03,891.03,891.03,891.03,891.03,891.03,891.03,891.03,891.03,891.03,891.03,891.03,891.03,891.03,891.03,891.03,891.03,891.03,891.03,891.03,891.03,891.03,891.03,891.03,891.03,891.03,891.03,891.03,891.03,891.03,891.03,891.03,891.03,891.03,891.03,891.03,891.03,891.03,891.03,891.03,891.03,891.03,891.03,891.03,891.03,891.03,891.03,891.03,891.03,891.03,891.03,891.03,891.03,891.03,891.03,891.03,891.03,891.03,891.03,891.03,891.03,891.03,891.03,891.03,891.03,891.03,891.03,891.03,891.03,891.03,891.03,891.03,891.03,891.03,891.03,891.03,891.03,891.03,891.03,891.03,891.03,891.03,891.03,891.03,891.03,891.03,891.03,891.03,891.03,891.03,891.03,891.03,891.03,891.03,891.03,891.03,891.03
3775.7,3030.2,1948.7,1948.7,1948.7,1906.7,1858.1,1272.3,1272.3,1230.8,1197.6,1173.5,1173.5,1067.1,1044.5,1044.5,1017,1016.3,986.98,986.98,986.98,931.2,931.2,931.2,927.13,906.04,900.52,900.52,900.3,900.3,897.3,897.3,897.3,897.3,897.3,897.3,897.3,897.3,897.24,897.24,897.24,897.24,895.81,895.81,895.81,895.81,895.81,895.81,895.81,895.28,895.28,877.66,877.66,877.66,877.66,877.66,877.66,877.66,877.66,877.36,877.36,877.36,877.06,876.4,876.11,876.11,876.11,876.11,876.11,876.11,876.11,876.11,876.11,876.11,876.11,876.11,876.11,876.11,875.43,875.43,875.43,875.43,875.43,875.43,875.43,875.43,875.43,875.16,875.16,875.16,875.16,875.16,875.16,875.16,875.16,875.16,875.16,875.16,875.16,875.16,875.16,875.16,875.16,875.16,875.16,875.16,875.16,875.16,875.16,875.16,875.16,875.16,875.16,875.16,875.16,875.16,875.16,875.16,875.16,875.16,875.16,875.16,875.16,875.16,875.16,875.16,875.16,875.16,875.16,875.16,875.16,875.16,875.16,875.16,875.16,875.16,875.16,875.16,875.16,875.16,875.16,875.16,875.16,875.16,875.16,875.16,875.16,875.16,875.16,875.16,875.16,875.16,875.16,875.16,875.16,875.16,875.16,875.16,875.16,875.16,875.16,875.16,875.16,875.16,875.16,875.16,875.16,875.16,875.16,875.16,875.16,875.16,875.16,875.16,875.16,875.16,875.16,875.16,875.16,875.16,875.16,875.16,875.16,875.16,875.16,875.16,875.16,875.16,875.16,875.16,875.16,875.16,875.16,875.16,875.16,875.16,875.16,875.16,875.16,875.16,875.16,875.16,875.16,875.16,875.16,787.02,787.02,787.02,787.02,787.02,787.02,787.02,787.02,787.02,787.02,787.02,787.02,787.02,787.02,787.02,787.02,787.02,787.02,787.02,787.02,787.02,787.02,787.02,787.02,787.02,787.02,787.02,787.02,787.02,787.02,787.02,787.02,787.02,787.02,787.02,787.02,787.02,787.02,787.02,787.02,787.02,787.02,787.02,787.02,787.02,787.02,787.02,787.02,787.02,787.02,787.02,787.02,787.02,787.02,787.02,787.02,787.02,787.02,787.02,787.02,787.02,787.02,787.02,787.02,787.02,787.02,787.02,787.02,787.02,787.02,787.02,787.02,787.02,787.02,787.02,787.02,787.02,787.02,787.02,787.02,787.02,787.02,787.02,787.02,787.02,787.02,787.02,787.02,787.02,787.02,787.02,787.02,787.02,787.02,787.02,787.02,787.02,787.02,787.02,787.02,787.02,787.02,787.02,787.02,787.02,787.02,787.02,787.02,787.02,787.02,787.02,787.02,787.02,787.02,787.02,787.02,787.02,787.02,787.02,787.02,787.02,787.02,787.02,787.02,787.02,787.02,787.02,787.02,787.02,787.02,787.02,787.02,787.02,787.02,787.02,787.02,787.02,787.02,787.02,787.02,787.02,787.02,787.02,787.02,787.02,787.02,787.02,787.02,787.02,787.02,787.02,787.02,787.02
5.0718e+05,2207.6,2207.6,1805.8,1440.3,1089.8,1088.5,1067.6,1049,1049,1015.4,1015.4,992.65,992.65,991.03,978.7,978.7,971.11,961.64,961.64,961.64,961.64,961.64,961.64,961.64,955.49,955.49,955.15,955.15,955.15,955.15,919.78,915.77,915.77,915.77,915.77,915.77,915.77,915.77,915.77,915.54,915.54,915.54,915.54,903.54,903.54,903.54,903.54,900.53,900.53,900.53,900.53,897.08,897.08,897.08,896.79,895.94,895.92,895.75,895.75,895.75,895.75,895.19,895.19,893.79,893.79,893.79,893.79,893.79,893.79,893.79,892.79,892.79,892.79,892.79,892.79,892.79,892.5,892.5,892.5,892.5,892.5,892.5,892.5,892.5,890.92,890.92,890.92,890.92,890.92,890.92,890.92,890.92,890.92,890.92,890.92,890.92,890.92,890.92,890.92,890.92,890.92,890.92,890.92,890.92,890.92,890.92,890.92,890.92,890.92,890.92,890.92,890.92,890.92,890.92,890.92,890.92,890.92,890.92,890.92,890.92,890.92,890.92,890.92,890.92,890.92,890.92,890.92,890.92,890.92,890.92,890.92,890.92,890.92,890.92,890.92,890.92,890.92,890.92,890.92,890.92,890.92,890.92,890.92,890.92,890.92,890.92,890.92,890.92,890.92,890.92,890.92,890.92,890.92,890.92,890.92,890.92,890.92,890.92,890.92,890.92,890.92,890.92,890.92,890.92,890.92,890.92,890.92,890.92,890.92,890.92,890.92,890.92,890.92,890.92,890.92,890.92,890.92,890.92,890.92,890.92,890.92,890.92,890.92,890.92,890.92,890.92,890.92,890.92,890.92,890.92,890.92,890.92,890.92,890.92,890.92,890.92,890.92,890.92,890.92,890.92,890.92,890.92,890.92,890.92,890.92,890.92,890.92,890.92,890.92,890.92,890.92,890.92,890.92,890.92,890.92,890.92,890.92,890.92,890.92,890.92,890.92,890.92,890.92,890.92,890.92,890.92,890.92,890.92,890.92,890.92,890.92,890.92,890.92,890.92,890.92,890.92,890.92,890.92,890.92,890.92,890.92,890.92,890.92,890.92,890.92,890.92,890.92,890.92,890.92,890.92,890.92,890.92,890.92,890.92,890.92,890.92,890.92,890.92,890.92,890.92,890.92,890.92,890.92,890.92,890.92,890.92,890.92,890.92,890.92,890.92,890.92,890.92,890.92,890.92,890.92,890.92,890.92,890.92,890.92,890.92,890.92,890.92,890.92,890.92,890.92,890.92,890.92,890.92,890.92,890.92,890.92,890.92,890.92,890.92,890.92,890.92,890.92,890.92,890.92,890.92,890.92,890.92,890.92,890.92,890.92,890.92,890.92,890.92,890.92,890.92,890.92,890.92,890.92,890.92,890.92,890.92,890.92,890.92,890.92,890.92,890.92,890.92,890.92,890.92,890.92,890.92,890.92,890.92,890.92,890.92,890.92,890.92,890.92,890.92,890.92,890.92,890.92,890.92,890.92,890.92,890.92,890.92,890.92,890.92,890.92,890.92,890.92,890.92,890.92,890.92,890.92,890.92,890.92,890.92,890.92,890.92,890.92
6197.7,6073.8,3338.9,1533.8,1533.8,1364.7,1269.3,1269.3,1269.3,1192.6,1122.2,1098.4,1091.6,1047,1047,1037,989.41,988.08,988.08,985.19,985.19,974.66,974.66,972.51,970.81,970.81,958.91,958.05,956.88,956.88,955.82,954.06,954.06,954.06,934.72,929.06,929.06,929.06,929.06,929.06,929.06,924.1,924.1,920.36,918.16,918.16,918.16,918.16,918.16,916.94,916.94,916.94,916.94,916.94,915.93,915.93,915.93,915.93,914.9,914.9,914.9,914.9,914.9,914.9,914.9,914.9,914.9,914.9,914.9,914.9,914.9,914.9,914.9,914.9,914.9,914.9,914.9,914.9,914.51,914.51,914.51,914.51,914.51,914.51,914.51,914.51,914.51,914.51,914.51,914.51,914.51,914.46,914.46,914.46,914.46,914.46,914.46,914.46,914.46,914.46,914.46,914.46,914.46,914.46,914.46,914.46,914.46,914.46,914.46,914.46,914.46,914.46,897.28,897.28,897.28,897.28,896.13,896.13,889.13,889.13,889.13,889.13,889.13,889.13,889.13,889.13,889.13,889.13,889.13,889.13,889.13,889.13,889.13,889.06,889.06,889.06,889.06,889.06,889.06,889.06,889.06,889.06,889.06,889.06,889.06,889.06,889.06,889.06,889.06,889.06,889.06,889.06,889.06,889.06,889.06,889.06,889.06,889.06,889.06,889.06,888.33,888.33,888.33,888.33,888.33,888.33,888.33,888.33,888.33,888.33,888.33,888.33,888.33,888.33,888.33,888.33,888.33,888.33,888.33,887.51,887.51,887.51,887.51,887.51,887.51,887.51,887.51,887.51,887.51,887.51,887.51,887.51,887.51,887.51,887.51,887.51,887.51,887.51,887.51,887.51,887.51,887.51,887.51,887.51,887.51,887.51,887.51,887.51,887.51,887.51,887.51,887.51,887.51,887.51,887.51,887.51,887.51,887.51,887.51,887.51,887.51,887.51,887.51,887.51,887.51,887.51,887.51,887.51,887.51,887.51,887.51,887.51,887.51,887.51,887.51,887.51,887.51,887.51,887.51,887.51,887.51,887.51,887.51,887.51,887.51,887.51,887.51,887.51,887.51,887.51,887.51,887.51,887.51,887.51,887.51,887.51,887.51,887.51,887.51,887.51,887.51,887.51,887.51,887.51,887.51,887.51,887.51,887.51,887.51,887.51,887.51,887.51,887.51,887.51,887.51,887.51,887.51,887.51,887.51,887.51,887.51,887.51,887.51,887.51,887.51,887.51,887.51,887.51,887.51,887.51,887.51,887.51,887.51,887.51,887.51,887.51,887.51,887.51,887.51,887.51,887.51,887.51,887.51,887.51,887.51,887.51,887.51,887.51,887.51,887.51,887.51,887.51,887.51,887.51,887.51,887.51,887.51,887.51,887.51,887.51,887.51,887.51,887.51,887.51,887.51,887.51,887.51,887.51,887.51,887.51,887.51,887.51,887.51,887.51,887.51,887.51,887.51,887.51,887.51,887.51,887.51,887.51,887.51,887.51,887.51,887.51,887.51,887.51,887.51,887.51,887.51,887.51,887.51,887.51,887.51,887.51,887.51,887.51
