56258,2366.7,2159.7,2001.5,1886.2,1422.3,1283,1283,1157.5,1059.5,1059.5,1059.5,1027.7,1027.7,1027.7,1023.4,1023.4,1019.6,1018.4,1004.2,999.33,999.33,994.64,985.15,953.58,953.58,953.58,953.58,944.09,944.09,944.09,942.93,937.2,921.39,919.31,919.31,919.31,919.31,919.31,919.31,912.03,912.03,912.03,912.03,895.81,895.81,895.81,895.81,895.81,891.8,891.8,891.8,891.8,891.8,891.8,891.8,891.8,881.9,881.9,881.9,881.9,881.9,881.9,881.9,881.9,880.33,880.33,880.33,879.98,879.98,879.98,879.98,879.98,879.98,879.98,921.64,879.67,879.67,879.67,879.57,879.57,879.57,878.44,878.44,878.44,878.44,878.44,878.44,878.44,878.44,878.33,878.33,878.33,878.33,878.33,878.33,878.33,878.33,878.33,878.33,878.33,923.16,1054.6,878.33,878.33,878.33,878.33,878.33,878.33,878.33,878.33,878.33,878.33,878.33,928.91,878.33,878.33,924.81,878.33,878.33,878.33,879.46,878.45,885.07,1075.7,878.33,878.33,878.45,878.45,878.33,895.46,878.33,878.33,878.33,878.33,929.75,1010.2,878.33,878.33,878.33,878.33,878.33,878.33,878.33,878.33,878.33,878.33,878.33,878.33,878.33,878.33,878.33,878.33,878.33,878.45,878.33,878.33,878.45,930.01,902.98,878.33,878.33,878.33,1020.6,878.33,878.33,878.33,929.75,878.33,878.33,878.33,878.33,878.33,878.33,878.33,1037.8,878.33,878.33,878.33,878.33,878.33,878.33,878.33,878.33,878.33,878.33,878.33,878.33,878.33,878.33,878.33,878.33,878.33,878.33,878.33,878.33,878.33,878.33,878.33,878.33,878.33,878.33,878.33,878.33,878.33,920.78,878.33,878.33,878.33,878.33,878.33,880.63,901.49,901.49,886.66,880.63,878.33,879.01,878.33,910.25,878.33,878.33,878.33,878.33,901.68,878.33,878.33,878.33,878.33,878.33,878.33,878.33,878.33,878.33,907.36,1075.7,878.33,975.57,878.33,879.84,878.33,878.33,878.33,878.33,878.33,878.33,1026.6,878.33,878.33,878.33,1080.4,878.33,878.33,878.33,878.33,878.33,879.01,878.33,878.33,878.33,878.33,878.33,878.33,878.33,878.33,878.33,878.33,924.49,924.06,878.33,878.33,878.33,878.33,878.33,878.33,878.33,878.33,878.33,881.5,878.33,878.33,972.64,878.33,934.53,920.61,878.33,878.33,878.33,878.33,878.33,878.33,878.33,878.33,878.55,878.33,878.33,878.33,878.33,878.33,878.33,878.33,878.33,878.33,878.33,878.33,878.33,878.33,878.33,878.33,878.33,878.33,878.33,878.33,878.33,878.33,878.33,878.33,1081.1,878.33,878.33,878.33,878.33,878.33,921.95,1062.3,885.07,878.33,878.33,878.33,878.33,878.33,924.06,878.33,878.33,878.33,878.33,878.33,878.33,878.33,878.33,885.07,885.07,878.33,878.33,878.33,878.33,878.33,883.77,878.33,878.33,878.33,878.33,878.33,1029.7,878.33,878.33,885.94,878.33
5180.2,3249.9,2152.2,1479.9,1477.8,1477.8,1418.3,1249.1,1165.6,1165.6,1130.2,1130.2,1069.5,1069.5,1055.1,1055.1,1055.1,1048.7,1048.7,1042.2,980.88,980.88,980.88,979.14,974.31,974.31,974.31,973.53,970.27,970.27,970.27,968.34,967.2,966.5,966.5,966.5,966.5,966.05,947.16,947.16,947.16,947.16,947.16,942.2,942.2,942.2,941.78,941.78,941.78,927.86,927.86,927.86,927.86,925.85,925.85,925.85,923.47,923.47,923.47,922.58,920.71,920.71,920.71,920.71,920.71,920.71,920.71,920.71,920.71,920.71,920.71,920.71,920.71,920.71,920.71,920.71,920.71,920.71,931.87,917.29,914.9,914.9,914.9,914.9,914.9,914.9,914.9,914.9,1004.9,914.9,914.9,914.9,914.9,914.46,914.46,914.46,914.46,914.46,914.46,1342.1,914.46,957.52,916.48,914.46,914.46,914.46,914.46,914.46,914.46,914.46,914.46,918.18,914.46,914.46,914.46,914.46,914.46,914.46,914.46,914.46,914.46,914.46,914.46,914.46,914.46,914.46,914.46,914.46,914.46,914.46,914.46,914.46,914.46,914.46,914.46,914.46,914.46,914.46,914.46,914.46,914.46,914.46,914.46,1042.6,914.46,914.46,914.46,914.46,914.46,914.46,914.46,914.46,914.46,914.46,914.46,914.46,914.46,914.46,914.46,914.46,914.46,914.46,914.46,914.46,914.46,914.46,914.46,914.46,914.46,914.46,914.46,914.46,914.46,914.46,914.46,914.46,914.46,914.46,914.46,914.46,914.46,914.46,914.46,914.46,914.46,914.46,914.46,914.46,914.46,914.46,914.46,914.46,914.46,914.46,914.46,914.46,914.46,914.46,914.46,914.46,914.46,914.46,914.46,914.46,914.46,914.46,914.46,914.46,914.46,914.46,914.46,914.46,914.46,914.46,914.46,914.46,914.46,914.46,914.46,914.46,914.46,914.46,914.46,914.46,914.46,914.46,914.46,914.46,914.46,914.46,914.46,914.46,914.46,914.46,914.46,914.46,914.46,914.46,914.46,914.46,914.46,914.46,914.46,914.46,914.46,914.46,914.46,914.46,914.46,914.46,914.46,914.46,914.46,914.46,914.46,914.46,914.46,914.46,914.46,914.46,914.46,914.46,914.46,914.46,914.46,914.46,914.46,914.46,914.46,914.46,914.46,914.46,914.46,914.46,914.46,914.46,914.46,914.46,914.46,914.46,914.46,914.46,914.46,914.46,914.46,914.46,914.46,914.46,914.46,914.46,914.46,914.46,914.46,914.46,914.46,914.46,914.46,914.46,914.46,914.46,914.46,914.46,914.46,914.46,914.46,914.46,914.46,914.46,914.46,914.46,914.46,914.46,914.46,914.46,914.46,914.46,914.46,914.46,914.46,914.46,914.46,914.46,914.46,914.46,914.46,914.46,914.46,914.46,914.46,914.46,914.46,914.46,914.46,914.46,914.46,914.46,914.46,914.46,914.46,914.46,914.46,914.46,914.46,914.46,914.46,914.46,914.46,914.46,914.46,914.46,914.46,914.46,914.46,914.46,914.46,914.46,914.46,914.46
16090,8774.2,3097.9,2645.9,2645.9,2415.6,2013.7,1907.9,1907.9,1580.2,1567.6,1311.1,1275.7,1272.8,1224,1112,1006.2,1002.2,1002.2,1001.7,981.95,981.95,981.95,938.83,935.59,934.77,934.77,931.51,931.51,926.29,924.7,924.7,924.7,914.08,914.08,914.08,914.08,914.08,914.08,914.08,914.08,913.69,913.69,913.69,913.69,913.69,912.09,908.75,908.75,890.33,890.33,890.33,890.33,890.33,890.33,890.33,887.61,885.28,885.28,885.28,885.28,885.28,885.28,883.67,883.67,883.67,883.67,883.67,883.67,883.67,883.67,883.67,883.67,883.67,882.74,882.74,882.74,882.74,882.74,882.74,882.74,882.74,882.58,882.58,878.65,878.65,878.65,878.65,878.65,878.65,878.65,878.65,879.58,878.65,914.2,878.65,891.9,910.86,878.65,878.65,878.65,892.45,878.65,878.65,878.65,878.65,878.49,878.49,878.49,878.49,875.91,875.91,875.91,875.91,875.91,883,875.91,875.91,881.8,875.28,875.28,875.28,875.28,875.28,875.28,875.28,875.28,875.28,875.28,875.28,875.28,875.28,1100.5,875.28,875.28,875.28,875.28,875.28,875.28,875.28,875.54,886.37,875.28,875.19,875.19,875.19,875.19,875.19,875.19,875.19,893.08,875.19,884.21,875.19,875.16,875.16,875.16,875.16,875.16,875.16,875.16,875.16,875.16,875.16,875.16,875.16,875.16,875.16,875.16,951.17,890.7,875.16,875.16,875.16,875.16,875.16,875.16,882.48,884.56,875.16,875.16,875.16,875.16,875.16,875.16,875.16,879.25,875.16,875.16,875.69,875.16,875.16,875.16,892.06,882.48,875.16,875.16,875.16,875.16,875.16,875.16,876.11,875.16,875.16,875.16,982.39,875.16,875.16,875.16,875.16,875.16,875.16,875.16,875.16,875.16,875.16,875.16,875.16,875.16,875.16,875.16,875.16,875.16,875.16,875.16,875.16,875.16,875.16,875.16,875.16,875.16,876.94,875.16,1013.8,879.25,875.16,875.16,875.16,875.16,875.16,875.16,947.96,875.16,961.77,875.16,875.16,875.16,875.16,875.16,875.16,875.16,875.16,875.16,875.16,875.76,875.76,875.16,875.16,875.16,787.02,787.02,787.02,787.02,787.02,787.02,787.02,787.02,787.02,787.02,787.02,787.02,787.02,787.02,787.02,787.02,997.71,787.02,787.02,787.02,787.02,787.02,787.02,1867.7,787.02,787.02,787.02,787.02,787.02,787.02,787.02,787.02,787.02,1210.8,939.3,787.02,787.02,787.02,787.02,787.02,39628,787.02,787.02,1177.3,787.02,787.02,787.02,2149.6,787.02,932.12,2944.6,2273.8,787.02,787.02,787.02,787.02,787.02,928.34,787.02,787.02,787.02,787.02,787.02,787.02,787.02,787.02,787.02,2300.6,787.02,1641.4,787.02,787.02,6756.8,787.02,787.02,787.02,1329.1,787.02,787.02,787.02,921.13,921.13,921.13,787.02,787.02,787.02,787.02,787.02,787.02,787.02,787.02,5257.3,787.02,787.02,787.02,787.02,76650,787.02,787.02
2676.7,2574.4,2405.1,2330.9,2289.4,1922.7,1085.2,1083.6,1083.6,1083.6,1052.8,1037.9,1037.9,1037.9,1034.1,1029.2,1020.2,1020.2,1005.7,1003.9,991.46,991.46,978.03,949.14,949.14,949.14,941.08,941.08,931.14,931.14,889.33,889.33,889.33,889.33,889.33,889.33,889.33,889.33,889.33,889.33,779.05,779.05,779.05,779.05,779.05,779.05,779.05,779.05,779.05,779.05,779.05,779.05,779.05,728.47,728.47,728.47,728.47,728.47,728.47,728.47,728.47,728.47,728.47,728.47,728.47,728.47,728.47,728.47,728.47,728.47,728.47,728.47,728.47,728.47,779.15,728.47,728.47,728.47,728.47,728.47,728.47,728.47,728.47,1892.9,772.09,728.47,728.47,728.47,769.6,728.47,728.47,897.16,1367.2,728.47,1241.8,728.47,728.47,728.47,728.47,728.47,728.47,728.47,728.47,728.47,728.47,911.32,728.47,728.47,728.47,728.47,728.47,949.13,728.47,728.47,728.47,728.47,728.47,728.47,728.47,728.47,2041.3,728.47,728.47,728.47,728.47,769.6,728.47,728.47,728.47,728.47,728.47,728.47,728.47,728.47,728.47,728.47,911.05,728.47,938.33,958.87,728.47,958.87,728.47,728.47,728.47,728.47,728.47,728.47,728.47,728.47,728.47,728.47,728.47,728.47,728.47,728.47,728.47,728.47,728.47,728.47,1431.4,728.47,728.47,728.47,728.47,728.47,803.03,1360.1,728.47,728.47,728.47,728.47,728.47,728.47,808.53,728.47,1224.1,728.47,728.47,728.47,1026.1,747.39,828.74,728.47,1434.9,728.47,728.47,728.47,728.47,728.47,728.47,728.47,728.47,728.47,728.47,728.47,728.47,1051.2,1051.2,1200,772.09,728.47,728.47,728.47,728.47,728.47,728.47,728.47,736.52,728.47,728.47,728.47,728.47,728.47,728.47,728.47,728.47,808.53,822.78,728.47,728.47,728.47,729.21,1191.8,728.47,728.47,728.47,728.47,728.47,728.47,728.47,728.47,1367.6,728.47,728.47,728.47,728.47,728.47,728.47,728.47,728.47,764.22,764.22,728.47,728.47,728.47,728.47,728.47,1238.8,728.47,4436,1250.9,1026.1,728.47,4436,728.47,728.47,728.47,970.42,728.47,728.47,728.47,728.47,728.47,728.47,728.47,728.47,728.47,728.47,728.47,728.47,728.47,728.47,728.47,728.47,728.47,728.47,728.47,728.47,728.47,728.47,728.47,774.62,728.47,728.47,728.47,728.47,728.47,1056.9,728.47,728.47,728.47,728.47,728.47,728.47,728.47,728.47,1026.1,728.47,728.47,728.47,728.47,828.74,728.47,728.47,728.47,728.47,728.47,728.47,728.47,821.29,821.29,743.52,728.47,728.47,728.47,728.47,728.47,993.08,948.26,728.47,728.47,728.47,728.47,728.47,728.47,728.47,728.47,840.76,728.47,728.47,728.47,728.47,728.47,728.47,728.47,769.6,728.47,728.47,728.47,728.47,728.47,728.47,728.47,728.47,728.47,728.47,728.47,728.47,728.47,728.47,728.47,728.47,1137.8,728.47,728.47,728.47,728.47
9.3901e+05,5924.5,3642.7,2557.2,2507.2,2329.2,2109,2000.6,1692.4,1616.4,1436.6,1374.7,1262.3,1262.3,1262.3,1175.9,1144.8,1130.5,1130.5,1071.4,1071.4,1071.4,1051.8,1001.4,1001.4,1001.4,995.84,995.27,994.14,994.14,982.97,980,967.58,967.58,967.58,967.58,962.65,962.65,962.65,930.23,930.23,930.23,928.24,928.24,919.59,919.59,919.59,918.43,918.43,917.57,916.42,916,916,908.58,905.71,905.71,905.71,905.71,905.71,904.53,904.53,898.77,898.77,898.77,898.77,897.59,897.59,896.05,896.05,896.05,891.92,891.92,891.92,891.92,891.92,891.92,891.52,891.52,891.82,891.52,891.52,891.52,891.52,891.52,891.52,891.52,888.63,888.63,888.24,888.24,888.24,888.24,888.24,888.24,888.24,895.89,930.01,887.11,887.11,887.11,887.11,887.11,887.11,887.11,887.11,887.11,887.11,887.11,887.11,887.11,887.11,887.11,946.98,927.01,935.19,887.11,925.59,887.11,887.11,936.34,887.11,887.11,887.11,887.11,887.11,887.11,887.11,887.11,887.11,887.11,888.63,888.63,894.66,886.44,886.44,890.37,886.44,886.44,886.44,931.22,886.44,886.44,886.44,886.44,886.44,886.44,886.44,886.44,886.44,886.44,886.44,886.44,886.44,886.44,886.44,886.44,886.44,886.44,886.44,890.33,890.33,900.77,897.53,900.88,886.44,886.44,903.52,886.44,894.28,996.4,886.44,886.44,886.44,889.96,886.44,886.44,886.44,886.44,886.44,886.44,886.44,886.44,886.44,886.44,914.15,886.44,886.44,910.88,886.44,894.73,886.44,887.57,932,903.52,894.28,886.44,894.28,886.44,932,886.84,891.79,886.44,886.44,886.44,886.44,886.44,932,886.44,886.44,886.44,886.44,886.44,886.44,886.44,886.44,886.44,886.44,886.44,886.44,886.44,886.44,887.57,886.44,886.44,886.44,886.44,886.44,886.44,886.44,886.44,886.44,886.44,886.44,894.28,894.28,886.44,932,886.44,886.44,907.34,886.44,886.44,901.9,901.9,889.17,886.44,886.44,909.24,886.44,886.44,886.44,886.44,886.44,886.44,894.05,894.05,886.44,886.44,886.44,886.44,886.44,886.44,887.77,886.44,886.44,886.44,886.44,886.44,886.44,886.44,886.44,886.44,886.44,886.44,886.44,886.44,886.44,886.44,886.44,886.44,886.44,886.44,886.44,906.23,906.23,932,894.28,932,906.34,906.34,886.44,886.44,886.44,886.44,903.52,886.44,886.44,886.44,886.44,886.44,886.44,886.44,886.44,886.44,886.44,886.44,886.44,886.44,886.44,886.44,886.44,932,932,886.44,886.44,886.44,886.44,886.44,886.44,886.44,886.44,886.44,886.44,886.44,886.44,886.44,886.44,886.44,928.78,886.44,886.44,886.44,886.44,886.44,886.44,886.44,886.44,886.44,886.44,886.44,886.44,886.44,886.44,923.75,886.44,886.44,886.44,994.55,886.44,886.44,886.44,886.44,886.44,886.44,886.44,907.34,932,886.44
4548.6,4351.2,2147.2,1753.6,1551.6,1274,1274,1274,1177.4,1177.4,1148.5,1082.4,1082.4,1080.1,1033.9,1033.9,1026.7,1026,1015.2,991.21,991.21,991.21,991.21,991.21,986.36,986.36,981.71,981.71,968.2,967.41,967.41,967.41,959.26,927.36,927.36,927.36,927.36,927.36,926.38,910.12,908.54,908.54,908.54,908.54,907.57,898.23,898.23,898.23,898.23,898.23,896.45,896.36,896.36,896.36,896.36,896.36,895.36,895.36,895.36,895.36,895.36,895.36,895.36,895.36,895.36,895.36,893.73,893.73,893.73,893.73,893.73,893.73,893.73,893.73,893.73,893.35,893.35,893.35,893.35,893.35,893.35,893.35,893.35,893.35,893.35,893.35,892.89,892.89,892.89,892.89,892.89,892.89,892.89,892.89,1012.3,892.89,892.89,891.57,891.57,891.57,891.57,891.57,891.57,895.38,891.57,891.57,891.57,891.57,891.57,891.57,891.57,891.57,891.57,891.57,891.57,891.57,891.57,891.57,891.57,891.57,891.57,891.57,891.57,891.57,999.68,891.57,891.57,891.57,891.57,891.57,891.57,891.57,891.57,891.57,891.57,891.57,891.57,891.57,891.57,1082.7,891.57,895.82,891.57,891.57,950.44,891.57,891.57,951.65,898.01,891.57,891.57,891.57,895.22,891.57,891.57,891.57,891.57,891.57,891.57,949.22,891.57,891.57,891.57,891.57,891.57,891.57,891.57,891.57,891.57,891.57,891.57,891.57,946.27,891.57,891.57,891.57,891.57,891.57,891.57,936.67,891.57,891.57,891.57,891.57,891.57,891.57,891.57,891.57,925.1,891.57,891.57,891.57,959.59,894.78,897.61,893.82,922.25,996.35,891.57,891.57,891.57,914.38,891.57,891.57,891.57,891.57,891.57,891.57,891.57,891.57,891.57,891.57,891.57,891.57,891.57,891.57,891.57,939.83,891.57,891.57,891.57,891.57,891.57,892.58,891.57,891.57,891.57,891.57,891.57,895.38,920.88,891.57,891.57,891.57,908.66,891.57,891.57,891.57,891.57,891.57,891.57,891.57,891.57,895.22,891.57,891.57,891.57,891.57,891.57,891.57,891.57,891.57,891.57,891.57,891.57,878.96,878.96,878.96,878.96,878.96,878.96,878.96,878.96,878.96,895.89,878.96,878.96,946.98,880.2,880.2,878.96,878.96,874.86,874.86,874.86,874.86,874.86,874.86,874.86,874.86,874.86,874.86,874.86,874.86,874.86,874.86,874.86,874.86,874.86,874.86,874.86,874.86,874.86,874.86,874.86,874.86,874.86,874.86,874.86,874.86,874.86,874.86,874.86,874.86,874.86,874.86,874.86,874.86,874.86,874.86,874.86,874.86,874.86,874.86,874.86,874.86,874.86,874.86,874.86,874.86,874.86,874.86,874.86,874.86,874.86,874.86,874.86,874.86,874.86,874.86,874.86,874.86,874.86,874.86,874.86,874.86,874.86,874.86,874.86,874.86,874.86,874.86,874.86,874.86,874.86,874.86,874.86,874.86,874.86,874.86,874.86,874.86,872.04,872.04,872.04,872.04,869.73,869.73
2823.3,2661.8,1955.8,1955.8,1934.9,1751.1,1572.8,1572.8,1503.5,1417.7,1417.7,1358.4,1358.4,1331.6,1257.6,1247.1,1236.3,1236.3,1207.8,1207.8,1169.8,1169.8,1131.6,1131.6,1081.8,1081.8,1057.1,1046.3,1046.3,1042.7,958.87,958.87,928.06,928.06,927.31,927.31,927.31,925.87,925.87,924.75,924.04,920.34,916.03,915.45,915.45,912.82,912.82,912.82,912.02,912.02,912.02,909.67,909.67,909.67,909.67,909.67,909.67,909.67,909.67,909.67,909.67,909.65,909.65,909.65,909.65,908.97,906.75,906.75,906.75,906.75,905.05,905.05,905.05,905.05,905.05,905.05,905.05,905.05,905.05,895.13,895.13,905.05,895.13,940.38,908.93,895.13,895.13,895.13,895.13,895.13,895.13,895.13,895.13,895.13,895.13,895.13,895.13,895.13,895.13,895.13,895.13,895.13,896.66,896.66,895.13,914.09,895.13,895.13,895.13,879.73,878.21,878.21,878.21,888.94,878.21,890.7,878.21,878.21,934.51,878.21,885.37,885.37,878.21,878.21,878.21,897.93,878.21,878.21,878.21,878.21,878.21,878.21,878.21,878.21,878.21,878.21,878.21,878.21,878.21,878.21,878.21,878.21,878.21,878.21,878.21,878.21,878.21,878.21,910.98,910.98,878.21,878.21,878.21,878.21,878.21,878.21,878.21,878.21,878.21,878.21,878.21,878.21,878.21,878.21,886.57,879.8,879.8,878.21,878.21,878.21,883.73,878.21,878.21,878.21,878.21,878.21,878.21,909.32,878.21,878.21,878.21,878.21,878.21,878.21,878.21,878.21,878.21,878.21,878.21,878.21,878.21,886.22,878.21,878.21,878.21,878.21,878.21,878.21,924.09,878.21,878.21,878.21,878.21,878.21,899.45,907.32,878.21,1042.5,878.21,878.21,878.21,878.21,975.9,975.9,948.09,948.09,878.21,878.21,878.21,878.21,878.21,897.17,878.21,1019.5,924.09,878.21,924.09,878.21,878.21,878.21,891.68,878.21,878.21,878.21,878.21,922.23,881.39,878.21,878.21,878.21,878.21,878.21,878.21,878.21,878.21,878.21,878.21,878.21,878.21,878.21,878.21,878.21,878.21,881.39,878.21,878.21,878.21,878.21,878.21,878.21,878.21,903.37,916.46,899.45,903.66,1085.1,878.21,878.21,878.21,878.21,878.21,878.21,878.21,878.21,878.21,878.21,896.59,945.24,878.21,878.21,938.37,924.09,878.21,878.21,878.21,878.21,878.21,878.21,878.21,878.21,878.21,878.21,878.21,878.21,878.21,901.11,1054.5,887.01,878.21,878.21,878.21,885.81,878.21,919.63,878.21,984.18,878.21,878.21,878.21,878.21,878.21,878.21,878.21,878.21,895.32,878.21,878.21,878.21,878.21,882.52,878.21,878.21,878.21,878.21,894.32,878.21,878.21,878.31,878.21,961.92,1069.2,1059.6,897.93,878.21,950.92,950.92,878.21,878.21,878.9,878.21,878.21,878.21,878.21,878.21,878.21,878.21,945.24,878.21,925.37,878.21,878.21,878.21,878.21,878.21,878.21,878.21,878.21,878.21
5778.1,5778.1,5778.1,3569.8,1887.8,1737.2,1722,1489.9,1398.3,1392.4,1392.4,1392.4,1240.8,1128.4,1089.8,1053.2,1053.2,1017,1017,1014.7,1000.9,1000.9,1000.9,1000.9,997.66,983.48,945.05,945.05,945.05,945.05,945.05,945.05,945.05,940.03,940.03,940.03,938.2,938.2,929.65,929.65,929.65,929.65,929.65,929.65,929.65,929.65,916.43,916.43,916.43,916.43,916.43,916.43,916.43,915.9,911.42,911.42,910.96,898.5,898.5,898.5,898.29,898.29,898.29,894.3,894.3,894.3,894.3,893.69,893.69,893.69,893.69,892.26,892.26,892.26,892.26,891.11,891.11,891.11,891.11,891.11,891.11,891.11,891.11,891.11,894.86,890.92,890.92,890.92,890.92,890.92,890.92,890.92,890.92,890.92,890.92,890.92,897.84,929.89,890.92,890.92,890.92,890.92,890.92,890.92,890.92,890.92,890.92,890.92,890.92,890.92,890.92,890.92,890.92,973.99,917.8,890.92,890.92,890.92,890.92,890.92,904.62,890.92,893.7,890.92,890.92,897.84,891.9,890.92,890.92,890.92,890.92,890.92,890.92,890.92,890.92,890.92,890.92,890.92,890.92,890.92,890.92,890.92,890.92,890.92,890.92,890.92,890.92,890.92,890.92,890.92,890.92,890.92,890.92,890.92,890.92,890.92,890.92,890.92,890.92,890.92,890.92,890.92,890.92,890.92,890.92,890.92,890.92,890.92,890.92,890.92,890.92,890.92,890.92,890.92,890.92,890.92,890.92,890.92,890.92,890.92,890.92,890.92,890.92,890.92,890.92,890.92,890.92,890.92,890.92,890.92,890.92,890.92,890.92,890.92,890.92,890.92,890.92,890.92,890.92,890.92,890.92,890.92,890.92,890.92,890.92,890.92,890.92,890.92,890.92,890.92,890.92,890.92,890.92,890.92,890.92,890.92,890.92,890.92,890.92,890.92,890.92,890.92,890.92,890.92,890.92,890.92,890.92,890.92,890.92,890.92,890.92,890.92,890.92,890.92,890.92,890.92,890.92,890.92,890.92,890.92,890.92,890.92,890.92,890.92,890.92,890.92,890.92,890.92,890.92,890.92,890.92,890.92,890.92,890.92,890.92,890.92,890.92,890.92,890.92,890.92,890.92,890.92,890.92,890.92,890.92,890.92,890.92,890.92,890.92,890.92,890.92,890.92,890.92,890.92,890.92,890.92,890.92,890.92,890.92,890.92,890.92,890.92,890.92,890.92,890.92,890.92,890.92,890.92,890.92,890.92,890.92,890.92,890.92,890.92,890.92,890.92,890.92,890.92,890.92,890.92,890.92,890.92,890.92,890.92,890.92,890.92,890.92,890.92,890.92,890.92,890.92,890.92,890.92,890.92,890.92,890.92,890.92,890.92,890.92,890.92,890.92,890.92,890.92,890.92,890.92,890.92,890.92,890.92,890.92,890.92,890.92,890.92,890.92,890.92,890.92,890.92,890.92,890.92,890.92,890.92,890.92,890.92,890.92,890.92,890.92,890.92,890.92,890.92,890.92,890.92,890.92,890.92,890.92,890.92,890.92,890.92,890.92,890.92
4602.1,4602.1,2257.3,2257.3,2256.9,1759.2,1750.9,1439.7,1439.7,1434.2,1326.7,1243.3,1167.3,1166.4,1118.5,1118.5,1118.5,1098.3,1098.3,1084.6,1084.6,1084.6,1067.7,1043.5,1043.5,1019.6,1019.6,1019.6,999.23,999.23,956.84,956.84,956.84,956.84,943.87,943.3,943.3,943.3,943.3,943.3,943.3,943.3,943.3,943.3,938.32,938.32,938.32,938.32,938.32,938.32,938.32,912.23,912.23,911.5,911.5,911.5,911.5,900.37,900.37,900.37,899.73,899.73,891.95,891.95,891.95,891.95,891.95,891.95,891.95,891.37,891.37,891.37,891.37,891.37,891.37,891.25,891.25,891.25,890.42,890.42,887.39,887.39,887.39,887.39,887.39,888.46,887.39,952.05,887.39,887.39,887.39,887.39,887.39,887.39,887.39,887.39,887.39,887.39,896.02,887.39,887.39,887.39,887.39,887.39,887.39,887.39,887.39,887.39,887.39,887.39,887.39,887.39,887.39,887.39,887.39,887.39,887.39,887.39,887.39,887.39,887.39,887.39,887.39,887.39,887.39,887.39,887.39,887.39,887.39,887.39,887.39,887.39,887.39,887.39,887.39,887.39,887.39,887.39,887.39,887.39,887.39,887.39,887.39,887.39,887.39,887.39,887.39,887.39,887.39,887.39,887.39,887.39,887.39,887.39,887.39,887.39,887.39,887.39,887.39,887.39,887.39,887.39,887.39,887.39,887.39,887.39,887.39,887.39,887.39,887.39,887.39,887.39,887.39,887.39,887.39,887.39,887.39,887.39,887.39,887.39,887.39,887.39,887.39,887.39,887.39,887.39,887.39,887.39,887.39,887.39,887.39,887.39,887.39,887.39,887.39,887.39,887.39,887.39,887.39,887.39,887.39,887.39,887.39,887.39,887.39,887.39,887.39,887.39,887.39,887.39,887.39,887.39,887.39,887.39,887.39,887.39,887.39,887.39,887.39,887.39,887.39,887.39,887.39,887.39,887.39,887.39,887.39,887.39,887.39,887.39,887.39,887.39,887.39,887.39,887.39,887.39,887.39,887.39,887.39,887.39,887.39,887.39,887.39,887.39,887.39,887.39,887.39,887.39,887.39,887.39,887.39,887.39,887.39,887.39,887.39,887.39,887.39,887.39,887.39,887.39,887.39,887.39,887.39,887.39,887.39,887.39,887.39,887.39,887.39,887.39,887.39,887.39,887.39,887.39,887.39,887.39,887.39,887.39,887.39,887.39,887.39,887.39,887.39,887.39,887.39,887.39,887.39,887.39,887.39,887.39,887.39,887.39,887.39,887.39,887.39,887.39,887.39,887.39,887.39,887.39,887.39,887.39,887.39,887.39,887.39,887.39,887.39,887.39,887.39,887.39,887.39,887.39,887.39,887.39,887.39,887.39,887.39,887.39,887.39,887.39,887.39,887.39,887.39,887.39,887.39,887.39,887.39,887.39,887.39,887.39,887.39,887.39,887.39,887.39,887.39,887.39,887.39,887.39,887.39,887.39,887.39,887.39,887.39,887.39,887.39,887.39,887.39,887.39,887.39,887.39,887.39,887.39,887.39,887.39,887.39,887.39,887.39,887.39
2963.2,2592.8,2017.4,1973.4,1857.9,1857.9,1820.7,1713.2,1679.5,1226.8,1226.8,1169.6,1064.4,1011.2,999.17,999.17,999.17,984.41,984.41,980.81,980.81,980.81,980.81,968.76,968.76,968.76,968.76,968,964.74,964.74,955.25,955.25,955.25,955.25,951.51,951.51,951.51,941.63,928.67,928.67,928.67,928.67,928.67,928.67,928.67,928.67,928.67,928.67,926.87,926.87,922.71,922.71,922.71,922.17,922.17,919.25,919.25,919.25,919.25,919.25,919.25,918.24,918.24,912.32,912.32,911.27,911.27,911.27,911.27,910.71,910.71,910.71,907.5,907.5,907.5,907.5,907.5,907.5,907.5,907.17,905.58,905.58,905.58,905.58,905.58,905.58,990.1,905.58,905.58,905.58,905.58,905.58,905.58,905.58,905.58,905.58,905.58,905.58,905.58,908.62,909.12,909.12,905.58,905.58,915.39,905.58,905.58,894.78,894.78,891.89,891.89,891.89,891.89,891.89,1146.4,891.89,891.89,891.89,891.89,891.89,891.89,891.89,978.83,891.89,891.89,891.89,891.89,891.89,891.89,891.89,891.89,891.89,891.89,891.89,891.89,891.2,891.2,891.2,891.2,891.2,891.2,891.2,891.2,891.2,891.2,891.2,891.2,891.2,891.2,891.2,891.2,891.2,891.2,891.2,891.2,891.2,906.16,891.2,891.2,891.2,891.2,891.2,891.2,891.99,890.92,890.92,890.92,890.92,890.92,890.92,890.92,890.92,890.92,890.92,890.92,890.92,890.92,890.92,890.92,890.92,890.92,890.92,890.92,890.92,890.92,890.92,890.92,890.92,890.92,890.92,890.92,890.92,890.92,890.92,890.92,890.92,890.92,890.92,890.92,890.92,890.92,890.92,890.92,890.92,890.92,890.92,890.92,890.92,890.92,890.92,890.92,890.92,890.92,890.92,890.92,890.92,890.92,890.92,890.92,890.92,890.92,890.92,890.92,890.92,890.92,890.92,890.92,890.92,890.92,890.92,890.92,890.92,890.92,890.92,890.92,890.92,890.92,890.92,890.92,890.92,890.92,890.92,890.92,890.92,890.92,890.92,890.92,890.92,890.92,890.92,890.92,890.92,890.92,890.92,890.92,890.92,890.92,890.92,890.92,890.92,890.92,890.92,890.92,890.92,890.92,890.92,890.92,890.92,890.92,890.92,890.92,888.95,888.95,888.95,888.95,888.95,888.95,891.73,888.95,887.39,887.39,887.39,887.39,887.39,887.39,887.39,941.69,952.22,887.39,887.39,887.39,918.14,887.39,887.39,887.39,887.39,887.39,887.39,887.39,887.39,887.39,887.39,887.39,887.39,887.39,887.39,887.39,887.39,887.39,900.76,887.39,887.39,887.39,887.39,887.39,887.39,887.39,887.39,891.46,918.74,891.84,887.39,887.39,887.39,887.39,896.02,887.39,901.09,976.36,889.28,887.39,887.39,887.39,887.39,918.44,982.33,892.71,887.39,892.71,887.39,887.39,929.88,950.49,887.39,887.39,887.39,887.39,887.39,887.39,887.39,887.39,887.39,887.39,887.39,887.39,887.39,887.39,887.39
4689.9,2848.2,2848.2,2189.7,1974.8,1768,1539.4,1539.4,1514.4,1514.4,1413.1,1413.1,1348.7,1348.7,1320.6,1264,1264,1264,1154,1119.4,1068.1,1013.5,1013.5,1013.5,1008.8,997.16,976.01,976.01,969.39,969.39,969.39,959.35,959.35,959.35,959.35,959.35,958.74,958.74,950.28,941.54,937,929.27,929.27,929.27,929.27,922.09,921.16,908.36,908.36,908.36,908.36,908.36,906.82,906.82,906.82,906.82,903.11,903.11,903.11,900.61,900.61,900.61,900.61,900.61,900.61,900.61,900.61,896.19,896.19,889.77,889.77,889.77,889.77,889.01,889.01,881.92,889.01,878.81,878.81,878.81,878.81,878.81,878.81,878.81,878.81,878.81,878.81,878.81,878.81,878.81,878.81,878.81,888.63,917.92,878.81,878.81,877.74,878.61,878.61,878.61,878.61,879.86,878.61,878.61,878.61,878.61,878.61,981.96,877.29,877.29,877.29,877.29,877.29,877.29,877.29,877.29,877.29,877.29,877.29,877.29,876.1,876.1,876.1,876.1,876.1,876.1,876.1,876.1,876.1,876.1,876.1,876.1,876.1,946.53,874.86,874.86,874.86,874.86,874.86,874.86,874.86,874.86,886.26,886.26,874.86,874.86,997.76,874.86,1197.1,874.86,874.86,874.86,874.86,883.07,959,874.86,874.86,874.86,874.86,874.86,874.86,969,875.87,875.87,874.86,874.86,874.86,874.86,874.86,887.44,874.86,874.86,874.86,874.86,874.86,874.86,874.86,971.25,874.86,874.86,874.86,874.86,874.86,874.86,969.95,874.86,874.86,874.86,874.86,874.86,874.86,874.86,874.86,874.86,874.86,874.86,874.86,874.86,878.96,874.86,874.86,874.86,874.86,886.04,874.86,874.86,874.86,874.86,874.86,874.86,874.86,874.86,874.86,885.59,874.86,874.86,874.86,874.86,874.86,874.86,874.86,874.86,890.18,874.86,874.86,874.86,874.86,874.86,877.6,874.86,896.59,874.86,874.86,874.86,874.86,874.86,874.86,874.86,874.86,874.86,874.86,874.86,874.86,874.86,874.86,874.86,874.86,874.86,874.86,874.86,874.86,874.86,874.86,874.86,874.86,874.86,874.86,874.86,874.86,874.86,874.86,874.86,874.86,874.86,874.86,874.86,874.86,874.86,874.86,874.86,874.86,874.86,874.86,874.86,874.86,874.86,874.86,874.86,874.86,874.86,874.86,874.86,874.86,874.86,874.86,874.86,874.86,874.86,874.86,874.86,874.86,874.86,874.86,874.86,874.86,874.86,874.86,874.86,874.86,874.86,874.86,874.86,874.86,874.86,874.86,874.86,874.86,874.86,874.86,874.86,874.86,874.86,874.86,874.86,874.86,874.86,874.86,874.86,874.86,874.86,874.86,874.86,874.86,874.86,874.86,874.86,874.86,874.86,874.86,874.86,874.86,874.86,874.86,874.86,874.86,874.86,874.86,874.86,874.86,874.86,874.86,874.86,874.86,874.86,874.86,874.86,874.86,874.86,874.86,874.86,874.86,874.86,874.86,874.86,874.86,874.86,874.86,874.86
3064.7,3064.7,2629.8,2338.6,2231.3,2231.3,1872,1742.2,1742.2,1657.8,1601.9,1217.8,1217.8,1158.9,1064.3,1064.3,1063.4,1057.4,1051.7,1007.7,1007.7,1007.7,999.67,991.68,991.68,989.24,989.24,982.24,976.2,976.2,968.44,960.71,928.73,928.45,928.45,928.45,927.43,911.4,911.4,911.4,911.4,910.04,884.01,884.01,879.91,879.91,879.91,879.91,879.91,878.72,878.72,878.72,877.04,877.04,877.04,877.04,877.04,877.04,877.04,877.04,876.94,876.94,876.94,876.94,876.94,876.94,876.94,876.94,876.94,876.94,876.94,875.43,875.43,875.43,875.43,875.43,875.43,875.43,875.43,909.25,875.43,884.83,875.43,875.43,875.43,875.43,875.43,875.43,875.43,875.43,875.43,875.43,875.43,875.43,875.43,875.43,875.43,875.43,875.19,875.19,875.19,875.19,875.19,875.19,875.19,875.28,875.19,875.19,875.19,875.19,889.83,1059.6,889.83,886.23,875.19,877.8,875.19,875.19,875.19,909.84,875.19,875.19,875.19,875.19,875.19,875.19,875.19,875.19,875.19,875.19,875.19,879.29,875.16,875.16,875.16,875.16,875.16,875.16,875.16,875.16,875.16,875.16,875.16,875.16,875.16,875.16,875.16,875.16,875.16,875.16,875.16,875.16,875.16,875.16,875.16,875.16,875.16,875.16,875.16,875.16,787.02,787.02,787.02,787.02,787.02,787.02,787.02,787.02,787.02,787.02,787.02,2372.1,787.02,787.02,787.02,787.02,787.02,932.12,787.02,787.02,787.02,787.02,787.02,787.02,787.02,787.02,787.02,787.02,1025.6,787.02,787.02,787.02,787.02,787.02,787.02,787.02,787.02,787.02,787.02,787.02,65471,787.02,96194,787.02,787.02,787.02,787.02,787.02,787.02,787.02,787.02,787.02,787.02,787.02,787.02,787.02,901.65,1172.6,787.02,787.02,787.02,787.02,787.02,787.02,787.02,787.02,787.02,787.02,787.02,787.02,787.02,1696,2164.8,883.22,787.02,787.02,787.02,787.02,787.02,787.02,3492.8,787.02,787.02,787.02,787.02,787.02,787.02,787.02,787.02,932.12,1264.6,2557.1,787.02,787.02,787.02,787.02,787.02,787.02,1093.2,787.02,787.02,787.02,787.02,787.02,787.02,787.02,787.02,787.02,787.02,787.02,787.02,787.02,787.02,787.02,787.02,787.02,787.02,787.02,787.02,787.02,4642.4,787.02,787.02,787.02,787.02,787.02,787.02,787.02,787.02,787.02,2009.2,787.02,787.02,787.02,787.02,787.02,2193.1,787.02,787.02,787.02,2291.5,787.02,787.02,787.02,787.02,787.02,787.02,787.02,787.02,787.02,787.02,787.02,787.02,8609,787.02,787.02,787.02,1213,787.02,787.02,787.02,787.02,787.02,787.02,787.02,787.02,787.02,787.02,787.02,787.02,787.02,787.02,787.02,787.02,787.02,787.02,787.02,787.02,787.02,787.02,787.02,787.02,787.02,787.02,787.02,6809,3332.2,787.02,787.02,787.02,787.02,787.02,787.02,787.02,787.02,787.02,787.02,787.02
1.4396e+06,6704.1,5868,4092.8,2101,1848.3,1547.2,1547.2,1519.3,1467.3,1467.3,1291.7,1291.7,1291.7,1121.2,1121.2,1078.3,1078.3,1078.3,1067.3,1038.1,1038.1,1034.1,1017,972.63,972.63,944.22,944.22,944.22,944.22,944.22,944.22,919.57,918.91,918.91,918.91,918.91,918.91,918.91,902.37,902.37,902.37,902.37,902.37,902.37,901.33,901.33,901.33,901.33,900.08,900.08,900.08,900.08,900.08,891.38,891.38,891.38,891.38,890.02,890.02,878.87,878.87,878.87,878.87,878.87,878.87,878.87,878.87,878.87,878.87,878.87,878.87,873.97,873.97,873.97,873.97,873.97,873.97,873.97,1005.6,873.97,873.97,873.97,873.97,873.95,873.95,873.95,873.95,873.95,874.72,873.95,873.95,873.95,873.95,873.95,872.57,872.57,872.57,872.57,869.84,869.84,869.84,869.84,869.84,869.84,869.84,869.84,869.84,869.84,873.93,869.84,869.84,869.84,869.84,920,869.84,869.84,869.84,869.84,869.73,869.73,869.73,869.73,1036.8,869.73,869.73,869.73,869.73,869.73,869.73,869.73,869.73,869.73,869.73,869.73,869.73,869.73,869.73,869.73,869.73,869.73,869.73,869.73,869.73,869.73,869.73,869.73,875.08,869.73,869.73,869.73,869.73,869.73,869.73,869.73,869.73,891.1,869.73,869.73,869.73,869.73,872.04,869.73,869.73,869.73,869.73,872.46,869.73,869.73,869.73,869.73,869.73,869.73,869.73,869.73,872.88,914.58,869.73,869.73,869.73,869.73,869.73,869.73,869.73,869.73,869.73,869.73,869.73,869.73,870.86,869.73,869.73,1075.7,869.73,869.73,869.73,895.02,1043.4,869.73,869.73,869.73,869.73,915.98,869.73,869.73,886.63,869.73,869.73,869.73,869.73,869.73,869.73,869.73,869.73,869.73,869.73,869.73,869.73,869.73,869.73,869.73,869.73,869.73,869.73,869.73,869.73,869.73,869.73,870.4,893.73,869.73,869.73,869.73,869.73,915.29,992.2,869.73,869.73,869.73,869.73,913.51,869.73,869.73,869.73,869.73,869.73,869.73,869.73,869.73,870.35,870.35,870.35,872.46,872.46,869.73,869.73,869.73,869.73,869.73,869.73,935.44,869.73,1153.5,893.26,869.73,869.73,869.73,869.73,869.73,869.73,869.73,869.73,869.73,869.73,869.73,869.73,869.73,869.73,869.73,869.73,873.25,942.42,869.73,869.73,869.73,884.06,884.06,869.73,869.73,869.73,869.73,878.18,878.18,890.79,875.08,869.73,869.73,869.73,882.28,869.73,869.73,869.73,869.73,869.73,869.73,869.73,869.73,869.73,869.73,869.73,869.73,993.45,869.73,1066.8,869.73,869.73,869.73,925.8,917.8,869.73,869.73,869.73,869.73,869.73,869.73,869.73,869.73,869.73,869.73,869.73,869.73,869.73,877.57,869.73,869.73,869.73,869.73,869.73,869.73,869.73,869.73,869.73,869.73,869.73,869.73,869.73,869.73,869.73,869.73,869.73,869.73,869.73,869.73,869.73,869.73,869.73,869.73,869.73
2481.2,2455.6,2453.8,2450.6,1743.9,1743.5,1540.4,1442.5,1418.4,1368.6,1259.1,1249.1,1069.6,1069.6,1037.3,1025.1,1025.1,1025.1,1016.9,1016.9,1011.2,1011.2,1011.2,991.48,991.48,991.48,978,978,978,973.38,973.38,973.38,973.38,945.66,938.08,935.04,935.04,934.41,929.97,920.07,916.97,916.97,912.13,902.24,899.84,899.84,899.84,899.84,899.59,898.34,898.34,898.34,894.7,894.7,894.7,894.7,894.7,893.19,893.19,893.19,893.19,893.19,893.19,893.19,893.02,893.02,893.02,893.02,893.02,893.02,893.02,893.02,893.02,893.02,879.44,879.44,879.44,879.44,885.08,879.44,1071.9,879.44,879.44,970.11,879.44,879.44,879.44,955.39,930.07,879.44,879.44,879.44,879.44,877.24,877.24,877.24,877.24,877.24,907.34,877.24,877.24,877.24,877.24,877.24,877.24,881.34,877.24,877.24,877.24,877.24,877.24,877.24,877.24,877.24,875.76,875.76,875.76,875.76,875.76,875.76,898.84,875.76,875.76,875.76,1062.3,875.76,875.76,875.76,875.76,875.76,875.75,875.75,875.16,875.16,875.16,875.16,875.16,875.16,875.16,875.16,875.16,875.16,875.16,875.16,892.25,875.16,875.16,875.16,875.16,875.16,902.67,875.16,875.16,1009.3,875.16,875.16,875.16,875.16,890.7,875.16,883.88,891.14,875.16,875.16,875.16,875.16,875.16,875.16,971.36,875.16,875.16,875.16,875.16,875.16,875.16,915.17,932.71,875.16,875.16,875.16,875.81,875.81,875.16,875.16,875.16,875.16,875.16,875.16,875.16,875.16,875.16,875.16,875.16,875.16,875.16,875.16,875.16,890.7,875.16,875.16,875.16,875.16,877.89,875.16,875.16,875.16,875.16,882.48,882.48,875.16,875.16,875.16,875.16,875.16,887.32,875.16,890.7,911.35,890.7,876.94,875.16,875.16,875.16,875.16,875.16,875.16,875.16,875.16,875.16,875.16,875.16,875.16,875.16,879.87,875.16,875.43,875.43,961.77,875.16,875.16,875.16,875.16,875.16,875.16,875.16,875.16,875.16,875.16,875.16,898.69,891.31,875.16,875.16,875.16,875.16,875.16,875.16,875.16,875.16,875.16,875.16,875.16,875.16,875.16,875.16,875.16,875.16,875.16,875.16,875.16,875.16,875.16,875.16,875.16,875.16,875.16,875.16,875.16,875.16,875.16,881.05,887.93,956.09,875.16,875.16,875.16,875.16,875.16,875.16,877.3,875.16,875.16,897.75,875.16,875.16,875.16,875.16,875.16,875.16,875.16,875.16,875.16,875.16,875.16,875.16,875.16,875.16,875.16,875.16,875.16,875.16,875.16,875.16,875.16,875.16,875.16,875.16,875.16,875.16,875.16,875.76,875.43,875.16,875.16,875.16,875.16,875.16,875.16,879.87,875.16,875.16,875.16,875.16,876.94,875.16,875.16,875.16,875.16,875.16,875.16,970.71,875.16,875.16,875.16,875.16,875.16,896.88,875.16,875.16,875.16,892.25,875.16,875.16,875.16,875.16,875.16,875.16,875.16
5935.1,2733.4,2733.4,1719,1620,1357.4,1357.4,1294.2,1255.5,1217.8,1190.7,1144.3,1144.3,1092.6,1082.3,1052.3,1052.3,930.92,930.92,930.92,920.76,920.76,920.76,920.76,916.89,916.89,916.89,898.95,898.95,895.9,895.48,895.48,895.48,890.34,890.34,890.34,890.34,890.34,890.34,890.34,890.34,889.12,889.12,887.8,887.8,885.58,885.58,885.58,885.58,885.11,885.11,884.39,881.57,881.57,881.57,881.19,881.19,881.19,881.19,881.19,881.19,881.19,881.19,881.19,881.19,881.19,881.19,881.19,880.74,880.74,880.28,880.28,880.28,880.28,880.28,880.28,880.28,880.28,877.64,877.64,877.64,877.64,877.64,877.64,943.92,877.64,879.65,876.28,876.28,876.28,876.28,876.28,876.28,876.28,876.28,876.28,876.28,876.28,876.28,875.87,875.87,875.87,875.87,933.64,875.87,909.97,878.07,878.07,875.87,875.87,875.87,875.87,875.87,874.86,874.86,874.86,874.86,874.86,874.86,874.86,874.86,874.86,875.87,874.86,874.86,874.86,874.86,874.86,874.86,874.86,874.86,874.86,874.86,874.86,874.86,877.12,874.86,874.86,874.86,874.86,874.86,874.86,874.86,882.93,874.86,874.86,874.86,874.86,874.86,874.86,1024,877.23,874.86,874.86,874.86,874.86,874.86,874.86,874.86,874.86,874.86,874.86,917.43,874.86,874.86,874.86,874.86,874.86,874.86,874.86,874.86,874.86,874.86,874.86,874.86,874.86,874.86,874.86,874.86,874.86,874.86,874.86,874.86,878.67,884.87,874.86,874.86,876.61,874.86,874.86,874.86,874.86,874.86,874.86,874.86,874.86,874.86,874.86,874.86,874.86,874.86,874.86,874.86,874.86,874.86,874.86,874.86,874.86,874.86,874.86,874.86,874.86,874.86,874.86,874.86,874.86,874.86,874.86,874.86,874.86,874.86,874.86,874.86,874.86,874.86,874.86,874.86,874.86,874.86,874.86,874.86,874.86,874.86,874.86,874.86,874.86,874.86,874.86,874.86,874.86,874.86,874.86,874.86,874.86,874.86,874.86,874.86,874.86,874.86,874.86,874.86,874.86,874.86,874.86,874.86,874.86,874.86,874.86,874.86,874.86,874.86,874.86,874.86,874.86,874.86,874.86,874.86,874.86,874.86,874.86,874.86,874.86,874.86,874.86,874.86,874.86,874.86,874.86,874.86,874.86,874.86,874.86,874.86,874.86,874.86,874.86,874.86,874.86,874.86,874.86,874.86,874.86,874.86,874.86,874.86,874.86,874.86,874.86,874.86,874.86,874.86,874.86,874.86,874.86,874.86,874.86,874.86,874.86,874.86,874.86,874.86,874.86,874.86,874.86,874.86,874.86,874.86,874.86,874.86,874.86,874.86,874.86,874.86,874.86,874.86,874.86,874.86,874.86,874.86,874.86,874.86,874.86,874.86,874.86,874.86,874.86,874.86,874.86,874.86,874.86,874.86,874.86,874.86,874.86,874.86,874.86,874.86,874.86,874.86,874.86,874.86,874.86,874.86,874.86,874.86,874.86,874.86,874.86
2445.5,2384,1993.2,1800.4,1456.7,1456.7,1441,1406.9,1350.4,1328.4,1328.4,1328.4,1325.1,1325.1,1127.6,1107.6,1107.6,1098.1,1098.1,1086.7,1086.7,1082.1,1071.2,1018.1,1018.1,1018.1,1018.1,1015.8,1015.8,1011.9,1006.1,994.95,994.95,994.95,993.91,989.24,989.24,989.24,988.1,988.1,988.1,971.86,971.57,971.57,971.57,971.57,971.57,971.57,932.98,920.97,902.9,902.9,902.9,902.9,902.9,901.78,901.78,901.78,901.78,901.78,901.78,901.78,901.78,901.78,901.72,889.08,889.08,889.08,889.08,888.3,888.3,888.3,888.3,888.3,895.08,894.08,888.3,888.3,888.3,888.3,888.3,1078.8,888.17,888.17,888.17,888.17,888.17,962.84,964.43,964.43,970.74,1026.5,890.6,926.52,888.17,888.17,888.17,888.17,888.17,888.17,894.42,888.05,888.05,888.05,888.05,888.05,888.05,888.05,888.05,1130.9,887.39,887.39,887.39,887.39,887.39,887.39,887.39,887.39,887.39,887.39,887.39,887.39,887.39,887.39,887.39,887.39,887.39,887.39,887.39,887.39,887.39,887.39,887.39,887.39,887.39,887.39,887.39,887.39,887.39,887.39,887.39,887.39,887.39,887.39,887.39,887.39,887.39,887.39,887.39,887.39,887.39,887.39,887.39,887.39,887.39,887.39,887.39,887.39,887.39,887.39,887.39,887.39,887.39,887.39,887.39,887.39,887.39,887.39,887.39,887.39,887.39,887.39,887.39,887.39,887.39,887.39,887.39,887.39,887.39,887.39,887.39,887.39,887.39,887.39,887.39,887.39,887.39,887.39,887.39,887.39,887.39,887.39,887.39,887.39,887.39,887.39,887.39,887.39,887.39,887.39,887.39,887.39,887.39,887.39,887.39,887.39,887.39,887.39,887.39,887.39,887.39,887.39,887.39,887.39,887.39,887.39,887.39,887.39,887.39,887.39,887.39,887.39,887.39,887.39,887.39,887.39,887.39,887.39,887.39,887.39,887.39,887.39,887.39,887.39,887.39,887.39,887.39,887.39,887.39,887.39,887.39,887.39,887.39,887.39,887.39,887.39,887.39,887.39,887.39,887.39,887.39,887.39,887.39,887.39,887.39,887.39,887.39,887.39,887.39,887.39,887.39,887.39,887.39,887.39,887.39,887.39,887.39,887.39,887.39,887.39,887.39,887.39,887.39,887.39,887.39,887.39,887.39,887.39,887.39,887.39,887.39,887.39,887.39,887.39,887.39,887.39,887.39,887.39,887.39,887.39,887.39,887.39,887.39,887.39,887.39,887.39,887.39,887.39,887.39,887.39,887.39,887.39,887.39,887.39,887.39,887.39,887.39,887.39,887.39,887.39,887.39,887.39,887.39,887.39,887.39,887.39,887.39,887.39,887.39,887.39,887.39,887.39,887.39,887.39,887.39,887.39,887.39,887.39,887.39,887.39,887.39,887.39,887.39,887.39,887.39,887.39,887.39,887.39,887.39,887.39,887.39,887.39,887.39,887.39,887.39,887.39,887.39,887.39,887.39,887.39,887.39,887.39,887.39,887.39,887.39,887.39,887.39,887.39
47294,47294,34490,3599.3,1858.1,1556.5,1516.9,1496.1,1423.1,1423.1,1419.5,1276.2,1269.9,1269.9,1212.5,1138.8,1138.3,1136.4,1101.6,1076,1066.7,1020,1020,1020,1020,1020,1016.3,984.53,984.53,976.1,942.98,942.98,942.98,942.98,929,903.39,903.39,903.39,903.39,903.39,901.26,901.26,901.26,900.57,900.57,900.57,900.57,900.57,900.57,900.57,900.57,897.83,896.49,895.05,895.05,895.05,895.05,895.05,894.76,894.76,894.76,894.76,894.76,894.76,894.76,894.59,882.15,882.15,882.15,882.15,882.15,882.15,882.15,882.15,879.41,879.41,879.41,879.41,879.41,942.21,879.41,879.41,879.96,879.41,879.41,879.41,879.41,966.03,876.14,876.14,876.14,876.14,876.14,876.14,879.41,968.02,876.14,876.14,876.14,875.28,875.28,875.28,875.28,875.28,875.28,875.28,875.28,875.28,875.28,875.28,875.44,875.28,875.28,875.28,875.28,875.28,875.28,875.28,875.28,875.28,875.28,875.28,875.28,875.28,876.22,883,875.28,875.28,875.28,875.28,875.28,875.28,875.28,875.28,875.28,875.28,875.28,875.28,875.28,875.28,875.28,875.28,875.28,875.28,875.54,875.19,875.19,875.19,875.19,875.19,875.19,875.19,875.19,875.19,875.19,875.19,875.16,875.16,875.16,875.16,875.16,875.16,875.16,875.16,910.49,910.49,875.16,887.3,875.16,875.16,875.16,875.16,878.19,875.16,875.16,875.16,875.16,880,875.16,875.16,881.05,881.05,875.16,875.16,875.16,875.16,875.16,875.16,875.16,875.16,875.16,877.3,875.16,902.67,875.16,875.16,875.16,875.16,875.16,875.16,875.16,875.16,887.93,893.01,875.16,960.57,875.16,875.16,875.16,875.16,875.16,875.16,875.16,884.34,875.16,875.16,875.16,875.16,875.16,875.16,875.16,875.16,875.44,875.19,875.16,875.16,875.16,875.16,875.16,875.16,875.16,875.16,875.16,875.16,875.16,875.16,989,890.7,877.8,875.16,875.16,875.16,875.16,875.16,875.16,909.06,875.16,875.16,875.16,875.16,1009.3,875.16,875.16,877.3,875.16,875.16,875.16,1056,911.54,876.94,875.16,875.16,875.16,875.16,875.16,875.16,875.16,875.16,875.16,875.16,875.16,875.16,875.16,875.16,875.16,875.16,875.16,875.16,890.7,875.16,875.16,877.89,877.89,875.16,875.16,892.56,875.16,875.16,875.16,875.16,875.16,875.16,875.16,875.16,875.16,875.16,910.48,875.16,895.29,875.16,875.16,913.99,875.16,878.41,878.41,971.36,899.13,875.16,875.16,875.16,875.16,989.2,875.16,875.16,875.16,976.72,976.72,875.16,983.82,875.16,875.16,875.16,875.16,875.16,875.16,875.16,875.16,932.71,875.16,875.16,875.16,895.8,963.3,963.3,875.16,875.16,991.55,875.16,875.16,875.16,875.16,875.16,875.16,875.16,875.16,875.16,878.19,890.9,915.17,875.16,879.87,913.79,875.19,875.16,875.16,875.16,875.16,875.16
5685.7,5063.2,2951.3,2787.4,2169.2,1949.9,1739.3,1423.6,1399.6,1308.6,1246.2,1184.4,1179.3,1179.3,1148.2,1148.2,1148.2,1120.5,1120.5,1107.3,1086.2,1086.2,1064.6,1062.2,1040.3,1023.5,1023.5,1010.2,981.14,980.22,980.22,977.76,971.77,948.97,948.97,942.98,942.98,942.98,942.98,942.98,942.98,940.27,940.27,940.27,940.27,940.27,938.34,922.21,922.21,922.21,922.21,922.21,922.21,922.21,919.9,919.9,919.9,919.9,919.9,919.9,913.49,913.49,913.49,910.34,910.34,910.34,907.08,907.08,907.08,907.08,907.08,907.08,907.08,907.08,921.08,931.71,922.37,922.37,1025.5,1043.4,906.12,916.37,906.37,903.74,903.74,904.85,904.85,903.74,903.74,903.74,903.74,903.74,902.41,902.41,905.15,902.41,902.41,902.41,902.41,878.21,878.21,876.37,876.37,876.37,875.44,876.37,875.44,875.44,875.44,890.1,875.44,875.44,875.44,875.44,875.44,890.84,875.44,875.28,875.28,875.28,875.16,875.16,875.16,875.16,875.16,875.16,875.16,875.16,875.16,875.16,888.79,875.16,875.16,875.16,875.16,875.16,875.16,876.73,876.73,912.48,875.16,875.16,875.16,875.16,875.16,875.16,875.16,875.16,875.16,875.16,875.16,875.16,877.3,875.16,877.3,875.16,875.16,875.16,875.16,875.16,875.16,875.16,875.16,898.69,875.16,875.16,1149.4,913.79,913.79,875.16,875.16,875.16,875.16,893.01,875.16,887.93,875.16,875.16,875.16,884.56,921.34,1042.6,1042.6,875.16,875.16,875.16,875.16,875.16,875.16,877.89,875.16,875.16,875.16,875.16,875.16,875.16,875.16,875.16,875.16,887.29,875.16,875.16,875.16,875.16,875.16,875.16,876.71,894.8,892.59,875.16,875.16,875.69,875.16,1019.5,875.16,875.16,875.16,875.16,875.16,875.16,875.16,875.16,875.16,877.89,875.16,875.16,875.16,875.16,875.16,875.16,875.16,939.41,921.34,875.16,875.16,875.16,875.16,875.16,875.16,875.16,875.16,875.16,875.16,875.16,875.16,949.5,1064.4,1023.8,875.16,879.25,875.16,875.16,875.16,875.16,875.16,875.16,875.16,875.16,875.16,896.99,875.16,875.16,875.16,875.16,875.16,875.16,906.8,875.16,875.16,875.16,875.16,950.71,875.16,875.16,875.16,875.16,875.16,875.16,875.16,877.34,875.16,875.16,875.16,875.16,875.16,875.16,875.16,875.16,875.16,875.16,875.16,902.38,875.16,875.16,875.16,875.16,875.44,875.16,875.16,875.16,875.16,875.16,875.16,875.16,875.16,875.16,875.16,875.16,875.16,875.16,875.16,875.16,875.16,875.16,875.16,875.16,875.16,875.16,875.16,875.16,875.16,875.16,875.16,875.16,875.16,875.16,875.16,875.16,875.16,1058.3,878.19,875.16,875.16,875.16,875.16,983.3,947.96,875.16,875.16,875.16,875.16,875.16,986.04,875.16,877.3,876.94,875.16,875.16,875.16,875.16,875.16,875.16,875.16,875.16,875.16,875.16,875.16,875.16
1810.8,1810.8,1810.8,1397.2,1340.3,1321.3,1250.3,1226,1168.8,1069.6,1069.6,1052.7,1052.7,1034.4,1034.4,1022.6,1022.6,1013.7,1008.3,997.67,991.29,991.29,975.82,964.24,961.24,950.01,950.01,945.09,929.36,919.48,919.48,919.48,917.22,917.22,917.22,917.22,917.22,912.86,912.86,912.86,906.78,906.78,902.83,902.83,886.34,886.34,886.34,883.65,883.65,883.65,883.65,880.91,880.91,880.91,880.7,880.7,880.7,880.7,880.7,880.7,879.12,879.12,879.12,879.12,879.12,878.84,878.84,878.84,878.84,877.32,877.32,877.32,877.03,877.03,877.03,877.03,877.03,877.03,876.76,876.76,877.03,898.65,876.76,876.76,876.76,1006.5,876.11,896.63,876.11,876.11,876.11,876.11,876.11,876.11,897.84,876.11,876.11,876.11,876.11,909.05,951.34,876.11,876.11,876.11,876.11,876.11,876.11,879.97,876.11,876.11,876.11,945.55,875.16,875.16,875.16,875.16,875.16,875.16,875.16,875.16,875.16,1076.1,875.16,875.16,875.16,875.16,875.16,875.16,875.16,875.16,875.16,875.16,911.07,911.07,875.16,882.48,875.16,875.16,875.16,875.16,875.16,875.16,922.41,875.16,875.16,875.16,875.16,902.26,934.2,875.16,875.16,875.16,875.16,879.35,875.81,875.16,875.16,875.16,787.02,787.02,787.02,787.02,7338.7,787.02,787.02,787.02,7825.4,787.02,787.02,787.02,787.02,787.02,787.02,787.02,3030.7,4402.7,787.02,787.02,787.02,787.02,2501.2,787.02,787.02,787.02,1046.6,787.02,787.02,787.02,787.02,787.02,787.02,787.02,787.02,787.02,787.02,787.02,787.02,787.02,787.02,787.02,787.02,787.02,787.02,787.02,787.02,787.02,787.02,787.02,1323.7,787.02,1323.7,787.02,787.02,787.02,787.02,10724,787.02,787.02,787.02,787.02,787.02,787.02,787.02,787.02,787.02,787.02,787.02,787.02,787.02,787.02,787.02,787.02,787.02,787.02,787.02,787.02,787.02,787.02,787.02,787.02,2.1877e+05,787.02,787.02,787.02,787.02,787.02,787.02,787.02,1056.8,787.02,787.02,787.02,787.02,787.02,787.02,787.02,787.02,787.02,787.02,787.02,787.02,787.02,787.02,787.02,787.02,787.02,787.02,787.02,787.02,787.02,787.02,787.02,787.02,787.02,787.02,787.02,787.02,787.02,787.02,787.02,787.02,787.02,787.02,787.02,787.02,787.02,787.02,787.02,787.02,787.02,787.02,787.02,787.02,787.02,787.02,787.02,787.02,787.02,787.02,787.02,787.02,787.02,787.02,787.02,787.02,787.02,787.02,787.02,787.02,787.02,787.02,787.02,787.02,787.02,787.02,787.02,787.02,787.02,787.02,787.02,787.02,787.02,787.02,787.02,787.02,787.02,787.02,787.02,787.02,787.02,787.02,787.02,787.02,787.02,787.02,787.02,787.02,787.02,787.02,787.02,787.02,787.02,787.02,787.02,787.02,787.02,787.02,787.02,787.02,787.02,787.02,787.02,787.02,787.02,787.02,787.02,787.02,787.02
2645.7,2583.9,2363.7,2114.8,1981.4,1630,1363.7,1363.7,1073.3,1073.3,1068.3,1067.7,1067.7,1040.1,953.12,953.12,953.12,953.12,934.43,932.92,932.92,932.92,927.48,927.48,914.44,914.44,914.44,903.85,895.53,895.53,895.53,895.53,894.95,894.95,892.79,892.79,892.79,892.21,884.64,884.64,884.64,884.64,881.51,881.5,881.5,881.5,879.49,879.49,879.49,879.49,879.49,877.94,877.94,877.94,877.93,877.93,876.22,876.15,875.28,875.28,875.28,875.28,875.28,875.28,875.19,875.19,875.19,875.19,875.19,875.19,875.19,875.19,875.19,875.19,875.19,892.01,961.81,877.92,875.19,875.19,896.2,875.19,879.82,875.16,875.16,875.16,875.16,875.16,875.16,875.16,875.16,875.16,875.16,875.16,875.16,875.16,896.88,875.16,875.16,885.43,875.16,984.26,875.16,875.16,875.16,875.16,875.16,875.16,875.16,875.16,875.43,875.16,875.16,875.16,875.16,875.16,875.16,875.16,875.16,875.16,875.16,890.7,890.7,875.16,875.16,875.16,875.16,875.16,875.16,882.97,875.16,875.16,875.16,875.16,875.16,875.16,875.16,875.16,877.8,875.16,875.16,875.16,875.16,875.16,875.16,875.16,875.16,875.16,875.16,875.16,875.69,875.16,875.16,875.16,875.16,875.16,875.16,875.16,877.89,875.16,875.16,876.11,875.16,875.16,875.16,878.19,878.19,875.16,875.81,875.16,875.44,875.16,875.16,875.16,875.16,875.16,875.16,875.16,875.16,875.16,875.16,875.16,1035.5,875.16,965.93,877.8,875.16,875.16,875.16,875.16,875.16,893.95,875.16,875.16,875.16,875.16,875.16,875.16,875.16,875.16,875.16,875.16,875.16,875.16,875.16,875.16,875.16,875.16,875.16,875.16,890.7,895.8,875.16,879.87,879.87,875.16,875.16,875.16,875.16,875.16,875.16,875.16,877.1,875.16,875.16,875.16,875.16,875.16,875.16,875.16,875.16,875.16,875.16,875.16,875.16,875.16,875.16,875.16,875.16,875.16,875.16,875.16,875.16,875.16,875.16,875.16,875.16,875.16,875.16,875.16,875.16,875.16,875.16,875.16,875.16,875.16,875.16,875.16,875.16,875.16,875.16,875.16,875.16,875.16,875.16,875.16,875.16,875.16,875.16,875.16,875.16,875.16,875.16,875.16,875.16,875.16,875.16,875.16,875.16,875.16,875.16,875.16,875.16,875.16,875.16,875.16,875.16,875.16,875.16,875.16,875.16,875.16,875.16,875.16,875.16,875.16,875.16,875.16,875.16,875.16,875.16,875.16,875.16,875.16,875.16,875.16,875.16,875.16,875.16,875.16,875.16,875.16,875.16,875.16,875.16,875.16,875.16,875.16,875.16,875.16,875.16,875.16,875.16,875.16,875.16,875.16,875.16,875.16,875.16,875.16,875.16,875.16,875.16,875.16,875.16,875.16,875.16,875.16,875.16,875.16,875.16,875.16,875.16,875.16,875.16,875.16,875.16,875.16,875.16,875.16,875.16,875.16,875.16,875.16,875.16,875.16,875.16,875.16
