4.2868e+05,4.2723e+05,4.2723e+05,4.258e+05,4.2406e+05,4.218e+05,4.2056e+05,4.1851e+05,4.1629e+05,4.144e+05,4.0948e+05,4.0561e+05,4.026e+05,3.9792e+05,3.9449e+05,3.9072e+05,3.8767e+05,3.8369e+05,3.8238e+05,3.7994e+05,3.7751e+05,3.7616e+05,3.7355e+05,3.681e+05,3.6197e+05,3.6013e+05,3.5648e+05,3.5464e+05,3.4756e+05,3.2364e+05,3.0249e+05,3.0054e+05,2.9922e+05,2.9595e+05,2.926e+05,2.8716e+05,2.8334e+05,2.7944e+05,2.7446e+05,2.638e+05,2.5237e+05,2.3606e+05,2.1384e+05,2.1163e+05,1.9668e+05,1.8894e+05,1.8181e+05,1.77e+05,1.6881e+05,1.6037e+05,1.5761e+05,1.548e+05,1.5119e+05,1.4753e+05,1.4674e+05,1.4617e+05,1.415e+05,1.4126e+05,1.3672e+05,1.3605e+05,1.3413e+05,1.3123e+05,1.2844e+05,1.2643e+05,1.2367e+05,1.2012e+05,1.1734e+05,1.1382e+05,1.1254e+05,1.0735e+05,1.0553e+05,1.0463e+05,1.0138e+05,99965,99246,98645,94796,93258,90968,90062,88226,85508,83695,80210,77753,76810,75429,74173,74173,73237,73214,72949,72435,72061,71459,70511,70508,69478,68827,67410,67354,66185,65627,65096,64969,64732,62828,60092,60092,57479,55623,54934,53581,52209,49797,47526,47526,46049,45660,44876,44876,44876,44756,44394,43793,42961,41455,40914,40227,40227,39245,39097,38103,37462,36826,35799,34955,34751,34229,33617,32334,30703,30136,29237,26870,24435,23549,20659,20344,19686,19362,18763,18496,18358,18237,17524,17405,16747,16502,16375,15564,15116,14438,14169,13604,13168,12482,12223,11995,11764,11764,11507,11285,10887,10567,10244,10065,10065,10009,9816.9,9669.8,9263.5,8640,8345.2,7156.9,7156.9,7107,6927.6,6674.1,6640.7,6474,6004.1,6004.1,5960.8,5936.8,5595.2,5595.2,5446.9,5446.9,5307.9,5259.5,5171,5114.3,4952.7,4952.7,4952.7,4874.4,4658.4,4496.5,4428.5,4376.1,4204.3,4144.3,3845.6,3808.5,3535.7,3535.7,3526.3,3257,3257,3257,3083.9,3083.9,3083.9,3078.7,3078.7,3078.7,2991.3,2878.6,2860.5,2837.2,2750.8,2707.7,2631.6,2609.9,2453.1,2453.1,2418,2387.1,2301.8,2249.4,2209.5,2203.9,2129.1,2064.3,2064.3,2017.2,2004.1,1983.6,1965.8,1941.4,1855.5,1734.4,1700,1666.6,1645.5,1603.2,1541.5,1541.5,1541.5,1522.4,1517.9,1478.1,1478.1,1476.8,1467,1399.2,1399.2,1396.1,1353.8,1335.5,1290.6,1290.6,1290.6,1270.2,1266,1266,1239.3,1239.3,1226.6,1215.6,1207.3,1199.1,1193.4,1193.4,1176.4,1176.4,1176.4,1176.4,1176.4,1168.9,1168.9,1168.9,1168.9,1167.6,1158.1,1151.5,1150.7,1131.9,1130,1122.9,1121,1121,1116.9,1108.5,1107.6,1107.6,1104.6,1102.7,1102.7,1101.7,1098.2,1094.2,1075.7,1072.7,1066.1,1066.1,1065.3,1062.3,1060.7,1056.5,1056.5,1056.5,1056.5,1056.5,1056.5,1055.4,1055.1,1055.1,1055.1,1054.5,1054.5,1054.1,1048.7,1047.6,1046.6,1045.8,1044.7,1041.2,1041.2,1041.2,1041.2,1039.3,1039.3,1038.7,1038.7,1037.3,1037.3,1035.5,1033.4,1032.9,1031.9,1030.9,1028.6,1028.2,1026.5,1025.5,1025.2,1025,1025,1025,1024.7,1024.7,1024.7,1024.5,1023.7,1022.8,1022.8,1022.8,1022.8,1021.9,1021.9,1021.9,1021.9,1021.6,1021.6,1021.4,1021.4,1021.1,1021.1,1021.1,1021.1,1020.9,1020.6,1020.1,1020.1,1020.1,1020.1,1020.1,1020.1,1020.1,1019.9,1019.9,1019.9,1019.8,1019.8,1019.8,1019.8,1019.8,1019.2,1019.2,1019.2,1018.8,1018.8,1018.3,1018.3,1018.3,1018,1018,1017.9,1017.8,1017.6,1017.5,1017.5,1017.5,1017.4,1017.4,1017.2,1017.1,1017,1017,1016.8,1016.8,1016.7,1016.5,1016.5,1016.4,1016.4,1016.4,1016.3,1016.3,1016.2,1016.2,1016.2,1016.1,1016.1,1016.1,1016.1,1016.1,1016.1,1016.1,1016.1,1016.1,1016.1,1016.1,1016.1,1016.1,1016.1,1016.1,1016.1,1016.1,1016,1016,1016,1016,1016,1016,1015.9,1015.9,1015.9,1015.9,1015.9,1015.9,1015.9,1015.9,1015.9,1015.9,1015.9,1015.8,1015.8,1015.8,1015.8,1015.8,1015.8,1015.8,1015.8,1015.8
4.2973e+05,4.2781e+05,4.2491e+05,4.2219e+05,4.2033e+05,4.1785e+05,4.1672e+05,4.1434e+05,4.1287e+05,4.0998e+05,4.0306e+05,3.9894e+05,3.9545e+05,3.9295e+05,3.8982e+05,3.8722e+05,3.8454e+05,3.8085e+05,3.6708e+05,3.6178e+05,3.5859e+05,3.5212e+05,3.4534e+05,3.3143e+05,3.2043e+05,3.1285e+05,3.0914e+05,2.9379e+05,2.8774e+05,2.6228e+05,2.4393e+05,2.3368e+05,2.2946e+05,2.2706e+05,2.252e+05,2.2241e+05,2.1574e+05,2.1156e+05,2.1017e+05,2.0428e+05,2.0197e+05,2.0197e+05,1.9698e+05,1.9307e+05,1.8963e+05,1.825e+05,1.8057e+05,1.7358e+05,1.6771e+05,1.6709e+05,1.6526e+05,1.6064e+05,1.5861e+05,1.5615e+05,1.48e+05,1.4629e+05,1.383e+05,1.383e+05,1.3523e+05,1.3261e+05,1.2523e+05,1.2523e+05,1.1783e+05,1.1393e+05,1.1194e+05,1.0905e+05,1.0691e+05,1.0616e+05,1.0128e+05,1.0128e+05,1.0064e+05,97218,95899,95019,93864,93864,93036,92016,90788,90788,90286,89597,89482,88476,86338,85262,84731,83311,78766,76748,75017,72938,69096,64814,62207,62058,59650,57226,55632,52753,50984,49300,47641,44808,43550,40062,37447,36436,32106,31403,30675,30390,28452,26892,26692,26101,25004,23608,22948,21799,20807,19946,19946,19627,19627,18470,18269,17991,17124,16901,16685,15906,15709,15373,14543,14482,13437,13029,12516,12277,11907,11191,10558,10204,10204,10038,9527.5,9360.2,9082.1,8502,8347.4,8189.7,8044.8,7415.4,7415.4,7331.2,7018.4,6649.1,6330.2,5628.2,5005.9,5005.9,4699.2,4699.2,4477.6,4313.1,4313.1,3944.1,3621.9,3567.7,3173.7,3173.7,3097.7,2795,2795,2665.5,2225.5,1903.1,1903.1,1480.4,1480.4,1480.4,1451,1398.1,1364.1,1319.4,1319.4,1289.3,1225.7,1225.7,1204.5,1187.1,1174.1,1145.8,1145.8,1044.2,980.87,980.87,957.84,957.84,949.84,949.84,949.84,949.84,949.84,949.84,949.84,949.84,908.22,907.97,907.97,907.97,881.51,818.29,818.29,818.29,797.44,797.44,783.02,755.08,755.08,725.28,712.49,712.49,712.49,712.49,712.49,712.49,712.49,712.49,712.49,712.49,711.83,709.45,709.45,709.45,690.53,690.53,690.53,690.53,690.53,690.53,690.53,633.86,633.04,633.04,633.04,583.96,583.96,583.96,574.3,574.3,574.3,574.3,574.3,574.3,574.3,574.3,574.3,574.3,574.3,574.3,574.3,574.3,574.3,574.3,561.42,561.42,561.42,561.42,561.42,561.42,561.42,561.42,561.42,561.42,561.42,561.42,561.42,561.42,561.42,561.42,561.42,561.42,561.42,548.53,548.53,548.53,548.53,548.53,548.53,548.53,548.53,548.53,548.53,548.53,548.53,548.53,548.53,548.53,548.53,548.53,548.53,548.53,543.29,512.87,512.87,512.87,512.87,512.87,512.87,512.87,512.87,512.87,512.87,512.87,512.87,512.87,512.87,512.87,512.87,512.87,512.87,512.87,512.87,512.87,512.87,512.87,512.87,512.87,512.87,512.87,512.87,512.87,512.87,512.87,512.87,512.87,512.87,512.87,512.87,512.87,512.87,512.87,512.87,512.87,512.87,512.87,512.87,512.87,512.87,512.87,512.87,512.87,512.87,512.87,512.87,512.87,512.87,512.87,512.87,512.87,512.87,512.87,512.87,512.87,512.87,512.87,512.87,512.87,512.87,512.87,512.87,512.87,512.87,512.87,512.87,512.87,512.87,494.75,494.75,494.75,494.75,494.75,494.75,494.75,494.75,494.75,494.75,494.75,494.75,494.75,494.75,494.75,494.75,494.75,494.75,494.75,494.75,494.75,494.75,494.75,494.75,494.75,494.75,494.75,494.75,494.75,494.75,494.75,494.75,494.75,494.75,494.75,494.75,494.75,494.75,494.75,494.75,494.75,494.75,493.17,493.17,493.17,493.17,493.17,493.17,493.17,493.17,493.17,493.17,493.17,493.17,493.17,493.17,493.17,493.17,493.17,493.17,479.27,479.27,464.92,391.36,391.36,391.36,391.36,391.36,391.36,391.36,391.36,391.36,391.36,391.36,391.36,391.36,391.36,391.36,391.36,391.36,391.36,391.36,391.36,391.36,391.36,391.36,391.36,391.36,391.36,391.36,391.36,391.36,391.36,391.36,391.36,391.36,391.36,391.36
4.0571e+05,4.0427e+05,4.022e+05,4.0032e+05,3.9715e+05,3.9506e+05,3.9104e+05,3.8767e+05,3.8344e+05,3.7872e+05,3.7236e+05,3.6462e+05,3.5755e+05,3.5236e+05,3.4363e+05,3.3474e+05,3.2856e+05,3.0429e+05,2.8198e+05,2.8198e+05,2.7597e+05,2.7198e+05,2.6582e+05,2.5913e+05,2.4735e+05,2.3608e+05,2.2883e+05,2.1928e+05,2.1281e+05,1.8389e+05,1.7602e+05,1.6584e+05,1.6584e+05,1.6331e+05,1.5609e+05,1.5383e+05,1.4403e+05,1.3308e+05,1.2613e+05,1.1577e+05,1.1069e+05,98583,89390,82823,78095,77199,77199,70440,70440,67807,66800,63540,61059,56078,53624,51751,47877,47877,47877,42553,42553,40398,37925,37925,36611,36265,35752,35045,34040,34040,33836,33497,33119,33119,32466,32466,32466,32189,31724,31146,30846,29916,29186,26957,25478,24289,23009,22693,21744,20215,18510,17323,16023,15400,15031,13913,13178,13178,12543,11335,11180,10941,10136,9426.2,9426.2,8204.5,7587.2,6853.6,6598.8,5251.9,4863.2,4758.5,4675.4,4632.9,4508.9,4508.9,4226.5,3783.6,3746.1,3187.7,3061.5,2748.5,2588.1,2471.8,2466.6,2395.8,2294.8,2195.1,2044,1990.6,1884.9,1884.9,1819.9,1772.3,1772.3,1744.8,1681.3,1667.3,1569,1569,1535.7,1410.9,1385.3,1306.6,1305.3,1248.1,1188.8,1188.8,1188.8,1188.8,1188.8,1188.8,1188.8,1188.8,1161.1,1161.1,1132.8,1094.4,1047.3,975.69,882.4,867.3,867.3,867.3,867.3,856.54,856.54,792.6,792.6,792.6,763.35,763.35,763.35,763.35,754.2,661.32,661.32,661.32,661.32,654.05,654.05,639.63,639.63,621.46,592.64,592.17,588.86,582.99,573.04,573.04,573.04,573.04,573.04,536.9,536.9,536.9,494.57,494.57,494.57,494.57,494.57,494.57,494.57,494.57,494.57,494.57,494.57,494.57,494.57,494.57,494.57,494.57,494.57,494.57,494.57,494.57,494.57,494.57,494.57,494.57,494.57,494.57,491.92,491.92,491.92,491.92,491.92,491.92,491.92,491.92,491.92,491.92,491.92,491.92,491.92,469.46,469.46,469.46,469.46,469.46,469.46,469.46,469.46,456.72,442.2,435.54,396.9,396.9,396.9,396.9,396.9,396.9,396.9,381.82,381.82,381.82,381.82,381.82,381.82,381.82,381.82,381.82,381.82,381.82,381.82,381.82,381.82,355.69,355.69,355.69,355.69,355.69,355.69,355.69,355.69,355.69,355.69,355.69,355.69,355.69,355.69,355.69,355.69,355.69,355.69,355.69,355.69,355.69,355.69,355.69,355.69,355.69,355.69,355.69,355.69,355.69,355.69,355.69,355.69,355.69,355.69,355.69,355.69,355.69,349.04,349.04,349.04,349.04,349.04,349.04,349.04,349.04,349.04,349.04,349.04,349.04,349.04,349.04,349.04,349.04,349.04,349.04,349.04,349.04,349.04,349.04,349.04,349.04,349.04,349.04,349.04,349.04,349.04,349.04,349.04,349.04,349.04,349.04,349.04,349.04,349.04,349.04,349.04,349.04,349.04,349.04,349.04,349.04,349.04,349.04,349.04,349.04,349.04,349.04,349.04,349.04,349.04,349.04,349.04,349.04,349.04,349.04,349.04,349.04,349.04,349.04,349.04,349.04,349.04,349.04,349.04,349.04,349.04,349.04,349.04,349.04,349.04,349.04,349.04,349.04,349.04,349.04,349.04,349.04,349.04,349.04,349.04,349.04,349.04,349.04,349.04,349.04,349.04,349.04,349.04,349.04,349.04,349.04,349.04,349.04,349.04,349.04,349.04,349.04,349.04,349.04,349.04,349.04,349.04,349.04,349.04,349.04,349.04,325.46,325.46,325.46,325.46,325.46,325.46,325.46,325.46,325.46,325.46,325.46,325.46,325.46,325.46,325.46,325.46,325.46,325.46,325.46,325.46,325.46,325.46,325.46,325.46,325.46,325.46,325.46,325.46,325.46,325.46,325.46,325.46,325.46,325.46,325.46,325.46,325.46,325.46,325.46,325.46,325.46,325.46,325.46,325.46,325.46,325.46,325.46,325.46,325.46,325.46,325.46,325.46,325.46,325.46,325.46,325.46,325.46,325.46,325.46,325.46,325.46,325.46,325.46,325.46
3.4059e+05,3.3974e+05,3.3809e+05,3.3736e+05,3.3612e+05,3.3516e+05,3.3317e+05,3.3018e+05,3.2925e+05,3.2772e+05,3.2606e+05,3.2534e+05,3.2447e+05,3.2324e+05,3.2163e+05,3.1957e+05,3.172e+05,3.1288e+05,3.1068e+05,3.0511e+05,3.0326e+05,2.9664e+05,2.8288e+05,2.6577e+05,2.4994e+05,2.4145e+05,2.3798e+05,2.2171e+05,2.1701e+05,2.0666e+05,1.9082e+05,1.8319e+05,1.8023e+05,1.7328e+05,1.7013e+05,1.6485e+05,1.6307e+05,1.5872e+05,1.583e+05,1.5267e+05,1.4259e+05,1.3842e+05,1.3056e+05,1.2921e+05,1.2701e+05,1.2701e+05,1.2475e+05,1.2398e+05,1.2335e+05,1.1465e+05,1.1452e+05,1.1208e+05,1.0768e+05,1.0511e+05,99527,95103,93806,89940,81764,77846,76494,73855,71594,70264,69389,67676,60106,57489,55478,52682,52450,50871,49197,48679,45867,42511,41620,41006,39960,39925,38342,36189,35466,34292,34116,33454,33332,32733,32336,31860,31254,30652,30407,29622,28597,27927,27927,27476,27447,27107,26137,26137,25638,25332,25332,25275,24756,24023,23641,23261,22535,21403,21007,21007,20796,20740,20113,19961,19880,19612,19612,19131,18975,18685,18685,17523,16744,16238,16238,16072,15286,15192,14870,14560,14175,14175,13727,13663,12611,12101,12101,10383,9213.4,8786.8,8786.8,8786.8,8740.4,8481.7,8094.4,8094.4,7783,7783,7188.7,7188.7,7188.7,6749.1,6664.5,6476.7,6326.2,6306.6,5899.5,5897.2,5897.2,5580.4,5580.4,5229.3,5066.4,5066.4,4917.1,4883.1,4862.6,4675.7,4606.8,4533,4445.6,4313.1,4146.6,4146.6,4101.4,4021.1,4021.1,3992.4,3992.4,3780.4,3544.7,3482.5,3482.5,3340.6,3333.8,3333.8,3244.9,3093.5,3093.5,3005,2979.7,2979.7,2979.7,2901.8,2901.8,2766.3,2699.5,2649.4,2547.7,2498.3,2305.9,2139.5,2139.5,2139.5,2049.7,2000.7,1972.7,1972.7,1810.7,1810.7,1810.7,1800.4,1765.8,1721.1,1666.9,1587.4,1583.5,1560.3,1560.3,1547.5,1410.4,1410.4,1410.4,1410.4,1379.5,1379.5,1379.5,1379.5,1379.5,1372.3,1372.3,1372.3,1293.3,1293.3,1247.6,1247.6,1243.3,1243.3,1205,1199.7,1121.5,1121.5,1121.5,1121.5,1121.5,1075.3,1043.5,938.2,936.19,936.19,921.1,899.65,857.03,851.84,848.13,844.69,844.69,844.69,838.48,779.19,727.2,727.2,727.2,727.2,727.2,727.2,727.2,727.2,727.2,727.2,727.2,727.2,727.2,727.2,727.2,727.2,723.81,723.81,723.71,723.71,673.02,592.35,592.35,592.35,592.35,592.35,592.35,575.55,568.61,568.61,568.61,568.61,568.61,568.61,568.61,568.61,568.61,568.61,568.61,568.61,568.61,568.61,568.61,568.61,568.61,563.29,563.29,563.29,550.91,550.91,550.91,550.91,522.26,522.26,522.26,522.26,522.26,522.26,522.26,522.26,522.26,522.26,522.26,522.26,522.26,522.26,522.26,522.26,522.26,522.26,522.26,522.26,522.26,522.26,522.26,522.26,522.26,522.26,512.87,512.87,512.87,512.87,512.87,512.87,512.87,512.87,512.87,512.87,512.87,512.87,512.87,512.87,512.87,512.87,512.87,512.87,512.87,512.87,512.87,512.87,512.87,512.87,512.42,512.42,512.42,495.72,495.72,495.72,495.72,495.72,495.72,495.72,495.72,495.72,495.72,495.72,495.72,495.72,495.72,495.72,495.72,495.72,495.72,495.72,489.76,489.76,489.76,489.76,489.76,489.76,489.76,489.76,489.76,460.29,455.99,455.99,455.99,418.38,418.38,418.38,418.38,418.38,418.38,418.38,418.38,418.38,409.34,402.98,402.98,402.98,386.46,386.46,386.46,386.46,386.46,386.46,386.46,386.46,386.46,386.46,386.46,382.1,376.1,376.1,376.1,370.96,368.41,368.41,368.41,362.61,362.61,362.61,361.63,360.87,360.87,360.87,360.87,355.66,355.66,355.66,355.66,355.66,355.66,355.66,352.01,352.01,352.01,352.01,352.01,352.01,352.01,352.01,352.01,352.01,352.01,352.01,352.01,352.01,352.01,352.01,352.01,352.01,352.01,352.01,352.01,352.01,352.01,352.01,352.01,352.01,351.48,351.48,351.48
4.0596e+05,4.0408e+05,4.0267e+05,4.0025e+05,3.9523e+05,3.926e+05,3.8904e+05,3.8359e+05,3.8094e+05,3.7817e+05,3.6987e+05,3.6732e+05,3.5924e+05,3.5105e+05,3.4596e+05,3.3862e+05,3.3092e+05,3.1783e+05,3.0443e+05,2.9551e+05,2.8261e+05,2.7402e+05,2.5987e+05,2.5112e+05,2.3977e+05,2.1162e+05,2.1162e+05,2.0854e+05,2.0277e+05,1.963e+05,1.8837e+05,1.7378e+05,1.7378e+05,1.7132e+05,1.7132e+05,1.5688e+05,1.5688e+05,1.5688e+05,1.4909e+05,1.4909e+05,1.4688e+05,1.4418e+05,1.4089e+05,1.1111e+05,1.0816e+05,95803,91082,88334,85917,83791,79065,74099,64496,62920,60154,56611,56611,53762,48332,47274,45217,39013,39013,39013,39013,39013,39013,38006,37560,36756,36756,36756,36187,32275,28467,28467,28467,28467,28467,28467,28467,26280,26280,26280,26013,25352,23542,22204,21541,21541,21541,21541,20065,20065,18798,18166,18166,18166,17302,16034,15333,14453,14453,14024,14024,14024,14024,14024,12217,12217,11965,10235,10235,9257.4,8123,8123,8119.4,7427.4,6192.9,6192.9,6084.5,5770.7,5538.4,5538.4,5453.9,5287.8,5287.8,4318.3,4318.3,4118.2,3676.9,3676.9,3645,3297.7,3297.7,3002.1,3002.1,2856,2856,2856,2856,2856,2856,2856,2856,2856,2856,2856,2856,2726.6,2726.6,2604.8,2604.8,2604.8,2604.8,2604.8,2604.8,2581.9,2462.1,2295.4,2254.3,2254.3,2254.3,2013.3,1952.9,1952.9,1952.9,1914.9,1624.9,1624.9,1624.9,1583.7,1583.7,1583.7,1583.7,1574,1574,1574,1493.9,1493.9,1449.2,1449.2,1449.2,1320,1301.2,1284.9,1284.9,1284.9,1284.9,1283.9,1283.9,1283.9,1202.7,1202.7,1202.7,1185.2,1031.5,1031.5,1031.5,1031.5,1031.5,1031.5,1031.5,998.41,998.41,998.41,973.73,973.73,887.68,887.68,887.68,887.68,852.07,838.48,829.6,825.57,825.57,825.57,800.99,790.38,790.38,742.14,728.1,708.38,708.38,704.83,690.34,690.34,690.34,690.34,690.34,690.34,690.34,690.34,690.34,690.34,690.34,690.34,690.34,676.4,676.4,676.4,676.4,657.25,657.25,657.25,655.23,655.23,655.23,642.04,642.04,642.04,642.04,636.86,612.41,593.88,593.88,593.88,593.88,571.04,571.04,511.06,511.06,511.06,511.06,511.06,511.06,511.06,511.06,511.06,511.06,511.06,511.06,511.06,511.06,511.06,511.06,511.06,511.06,511.06,511.06,511.06,511.06,511.06,498.89,498.89,498.89,498.89,498.89,498.89,498.89,498.89,498.89,498.89,498.89,491.15,491.15,491.15,491.15,491.15,491.15,491.15,491.15,491.15,491.15,491.15,463.8,463.8,463.8,463.8,463.8,463.8,463.8,463.8,463.8,463.8,463.8,463.8,463.8,463.8,463.8,463.8,463.8,463.8,463.8,463.8,463.8,463.8,463.8,463.8,463.8,463.8,463.8,463.8,463.8,463.8,463.8,463.8,463.8,463.8,463.8,463.8,463.8,463.8,463.8,463.8,463.8,463.8,463.8,463.8,463.8,463.8,463.8,463.8,463.8,463.8,463.8,463.8,463.8,463.8,463.8,463.8,463.8,463.8,463.8,463.8,463.8,463.8,463.8,463.8,463.8,463.8,463.8,463.8,463.8,463.8,463.8,463.8,463.8,463.8,463.8,463.8,463.8,463.8,463.8,463.8,463.8,463.8,463.8,463.8,463.8,463.8,463.8,463.8,463.8,463.8,463.8,463.8,463.8,463.8,463.8,463.8,463.8,463.8,463.8,463.8,463.8,463.8,463.8,463.8,463.8,463.8,463.8,463.8,463.8,463.8,463.8,463.8,463.8,463.8,463.8,463.8,463.8,463.8,463.8,463.8,463.8,463.8,463.8,463.8,463.8,463.8,463.8,463.8,463.8,463.8,463.8,463.8,463.8,463.8,463.8,463.8,463.8,463.8,463.8,463.8,461.3,461.3,461.3,461.3,461.3,461.3,461.3,461.3,461.3,461.3,461.3,461.3,461.3,461.3,461.3,461.3,461.3,461.3,461.3,461.3,461.3,461.3,461.3,461.3,461.3,461.3,461.3,461.3,461.3,461.3,461.3
4.8248e+05,4.8214e+05,4.8008e+05,4.7773e+05,4.753e+05,4.7348e+05,4.6886e+05,4.6575e+05,4.6013e+05,4.5866e+05,4.5395e+05,4.4983e+05,4.3747e+05,4.229e+05,4.011e+05,3.9468e+05,3.7865e+05,3.6521e+05,3.5439e+05,3.3937e+05,3.2407e+05,3.0827e+05,2.8258e+05,2.4558e+05,2.3474e+05,2.1698e+05,1.6899e+05,1.5573e+05,1.5431e+05,1.5063e+05,1.4143e+05,1.272e+05,1.1792e+05,1.1792e+05,1.1277e+05,1.0694e+05,87954,79844,71612,71612,71612,69927,67688,65556,63238,63238,62349,53146,53146,53146,49377,46501,41141,36285,34379,32038,31769,28826,27533,25930,22967,22967,22967,22967,22967,18814,18814,15604,15276,14759,14415,14415,13600,13395,12376,12376,12061,11701,9899.9,9395.2,9395.2,9395.2,9290.4,8685.9,8685.9,8685.9,8404.4,8143.2,7298.8,7298.8,7298.8,6955.4,6766,6629.8,6247.5,5680.2,5323.6,5323.6,5245.4,4959.9,4936,4936,4936,4936,4936,4320.8,4320.8,3740.1,3740.1,3740.1,3584,3584,3584,3584,3446.3,3446.3,3446.3,3446.3,3446.3,3446.3,3370.3,3370.3,3370.3,3370.3,3317.8,3317.8,3317.8,3299.7,3253,3165.4,3165.4,3165.4,2903.1,2903.1,2903.1,2903.1,2903.1,2903.1,2809.8,2715.5,2659.6,2657.2,2636.1,2564.8,2429.1,2409.7,2409.7,2347.3,2153.5,2089.2,2048.1,1910.3,1910.3,1910.3,1776.1,1776.1,1776.1,1776.1,1674.5,1620.3,1620.3,1503.5,1503.5,1485,1381.4,1337.3,1267.5,1216.6,1216.6,1192.2,1133.2,1126.1,1086.9,1076,1017.9,1009.5,953.24,953.24,923.78,873.98,873.98,873.98,819.95,819.95,819.95,819.95,819.95,819.95,782.66,782.66,782.66,782.66,777.4,777.4,777.4,749.28,724.9,724.9,724.9,724.9,724.9,717.44,717.44,717.44,717.44,717.44,717.44,717.44,684.36,684.36,684.36,684.36,684.36,684.36,684.36,684.36,684.36,684.36,684.36,666.71,666.71,628.07,628.07,628.07,602.75,602.75,602.75,602.75,602.75,602.75,602.75,602.75,602.75,602.75,602.75,602.75,577.48,577.48,577.48,577.48,577.48,577.48,577.48,577.48,577.48,577.48,563.77,563.77,563.77,560.15,560.15,560.15,560.15,560.15,560.15,560.15,560.15,560.15,540.4,540.4,540.4,540.4,540.4,540.4,540.4,540.4,540.4,540.4,540.4,540.4,540.4,540.4,540.4,540.4,540.4,540.4,540.4,540.4,533,533,533,533,533,533,503.96,482.94,482.94,482.94,482.94,482.37,482.37,482.37,482.37,482.37,482.37,482.37,482.37,482.37,482.37,482.37,482.37,482.37,482.37,482.37,482.37,482.37,474.96,474.96,474.96,474.96,474.96,474.96,474.96,474.96,474.96,474.96,474.96,474.96,474.96,474.96,474.96,474.96,474.96,474.96,474.96,474.96,474.96,474.86,474.86,470.79,470.79,470.79,470.79,470.79,470.79,470.79,470.79,470.79,470.79,470.79,470.79,444.08,444.08,444.08,444.08,444.08,444.08,444.08,444.08,444.08,444.08,444.08,444.08,437.81,437.81,437.81,437.81,437.81,437.81,437.81,437.81,437.81,437.81,437.81,437.81,437.81,437.81,437.81,425.22,425.22,425.22,425.22,425.22,423.52,423.52,423.52,423.52,423.52,423.52,423.52,400.46,400.46,400.46,400.46,398.34,398.34,389.98,389.98,389.98,389.98,389.98,389.98,389.98,389.98,389.98,389.98,354.79,354.79,354.79,354.79,354.79,354.79,354.79,354.79,354.79,354.79,354.79,354.79,354.79,354.79,354.79,354.79,354.79,354.79,354.79,354.79,354.79,354.79,354.79,354.79,354.79,354.79,354.79,354.79,354.79,354.79,354.79,354.79,354.79,354.79,354.79,354.79,354.79,354.79,322.89,322.89,322.89,322.89,322.89,322.89,322.89,322.89,322.89,322.89,322.89,322.89,322.89,322.89,322.89,322.89,322.89,322.89,322.89,322.89,322.89,322.89,322.89,322.89,322.89,322.89,322.89,322.89,322.89,322.89,322.89,322.89,322.89,322.89,322.89,322.89,322.89,322.89,322.89,322.89,322.89,322.89,322.89
3.5734e+05,3.5565e+05,3.5359e+05,3.5214e+05,3.4933e+05,3.4747e+05,3.4546e+05,3.4265e+05,3.418e+05,3.3833e+05,3.3102e+05,3.2872e+05,3.2325e+05,3.1962e+05,3.165e+05,3.141e+05,3.1074e+05,3.0617e+05,3.036e+05,3.0159e+05,2.9833e+05,2.8814e+05,2.8493e+05,2.7093e+05,2.6193e+05,2.5781e+05,2.4899e+05,2.4366e+05,2.3716e+05,2.327e+05,2.1902e+05,2.122e+05,2.122e+05,2.0689e+05,2.0482e+05,2.0113e+05,1.994e+05,1.9834e+05,1.9639e+05,1.9321e+05,1.9098e+05,1.848e+05,1.8008e+05,1.7125e+05,1.6668e+05,1.6239e+05,1.5904e+05,1.5648e+05,1.4851e+05,1.4516e+05,1.3892e+05,1.3702e+05,1.3585e+05,1.3388e+05,1.2933e+05,1.2602e+05,1.2218e+05,1.1833e+05,1.1622e+05,1.1301e+05,1.0925e+05,1.0528e+05,1.0251e+05,99999,96557,95388,94411,92564,90040,87463,83118,80720,77798,77184,75223,73309,69015,62146,62146,61400,60544,57989,57989,56870,55323,54943,53543,53543,46850,41154,37548,35128,32625,32625,31739,29472,29472,29472,28225,27186,25023,24978,24820,24820,24355,24355,24355,22922,22922,22922,22766,22609,19934,19934,17877,17659,17659,17206,16370,14771,14451,14355,13929,13799,13432,12288,11216,9856.4,9626.8,9100.2,8762.1,8518.9,8231.1,7970.7,7970.7,7845.5,7344.9,7224.5,6805.9,6724.2,6575.3,6497.8,6263.2,6143.4,5714.4,5714.4,5540.4,5540.4,5379.7,5288.2,4908.1,4863.4,4841.4,4841.4,4669.1,4342,4099,4083.1,3894.9,3894.9,3857.2,3708,3636.6,3612.4,3506.4,3490.4,3441.1,3437.4,3351.3,3249.9,3160.9,2956.1,2871.5,2627.8,2581.2,2581.2,2581.2,2534.7,2434.5,2429.5,2360.2,2250.5,2250.5,2167.9,2103.5,2103.5,2103.5,2103.5,2103.5,2103.5,2010.7,2010.7,2010.7,1960.4,1942.4,1907.4,1907.4,1907.4,1907.4,1907.4,1814.1,1814.1,1814.1,1814.1,1814.1,1814.1,1792.9,1773.7,1773.7,1773.7,1773.7,1773.7,1773.7,1773.7,1773.7,1773.7,1773.7,1773.7,1745,1745,1745,1745,1709.6,1709.6,1647.3,1647.3,1647.3,1647.3,1639.8,1555.5,1555.5,1450.4,1450.4,1450.4,1450.4,1450.4,1414.9,1398.5,1398.5,1362.4,1362.4,1362.4,1362.4,1362.4,1362.4,1314.6,1314.6,1314.6,1314.6,1305.7,1305.7,1305.7,1271.6,1271.6,1271.6,1271.6,1271.6,1271.6,1271.6,1271.6,1271.6,1271.6,1271.6,1271.6,1269.1,1269.1,1269.1,1269.1,1269.1,1269.1,1269.1,1269.1,1269.1,1269.1,1269.1,1269.1,1269.1,1195.4,1195.4,1195.4,1195.4,1195.4,1195.4,1195.4,1195.4,1173.2,1173.2,1173.2,1173.2,1173.2,1161.8,1161.8,1161.8,1161.8,1161.8,1161.8,1161.8,1161.8,1161.8,1161.8,1161.8,1161.8,1161.8,1161.8,1161.8,1161.8,1161.8,1161.8,1161.8,1161.8,1148.3,1118.2,1118.2,1118.2,1118.2,1118.2,1118.2,1118.2,1118.2,1118.2,1118.2,1118.2,1118.2,1118.2,1118.2,1118.2,1118.2,1118.2,1118.2,1118.2,1118.2,1118.2,1118.2,1118.2,1118.2,1118.2,1118.2,1118.2,1118.2,1118.2,1118.2,1118.2,1118.2,1118.2,1118.2,1118.2,1118.2,1118.2,1118.2,1118.2,1118.2,1118.2,1118.2,1118.2,1118.2,1118.2,1118.2,1118.2,1118.2,1116.7,1116.7,1116.7,1116.7,1116.7,1116.7,1116.7,1116.7,1116.7,1116.7,1116.7,1116.7,1116.7,1116.7,1116.7,1116.7,1116.7,1116.7,1116.7,1116.7,1116.7,1116.7,1116.7,1116.7,1116.7,1116.7,1116.7,1116.7,1116.7,1116.7,1116.7,1116.7,1116.7,1116.7,1116.7,1116.7,1116.7,1116.7,1116.7,1100.5,1100.5,1100.5,1100.5,1100.5,1100.5,1100.5,1100.5,1100.5,1100.5,1100.5,1100.5,1100.5,1100.5,1100.5,1100.5,1100.5,1100.5,1100.5,1100.5,1100.5,1100.5,1100.5,1100.5,1100.5,1100.5,1100.5,1100.5,1100.5,1100.5,1100.5,1100.5,1100.5,1100.5,1100.5,1100.5,1100.5,1100.5,1100.5,1100.5,1100.5,1100.5,1100.5,1100.5,1100.5,1100.5,1100.5,1100.5,1100.5,1100.5,1100.5,1100.5,1100.5,1100.5,1100.5,1100.5,1100.5,1100.5,1100.5,1100.5,1100.5,1100.5,1100.5,1100.5,1100.5,1100.5,1100.5,1100.5,1100.5,1100.5,1100.5,1100.5,1100.5,1100.5,1100.5,1100.5,1100.5,1100.5,1100.5
4.3535e+05,4.3418e+05,4.3333e+05,4.3194e+05,4.3004e+05,4.2754e+05,4.2482e+05,4.1836e+05,4.1278e+05,4.0901e+05,4.0621e+05,4.0123e+05,3.8249e+05,3.6542e+05,3.5161e+05,3.3695e+05,3.3124e+05,3.3107e+05,3.2478e+05,3.1572e+05,3.1262e+05,3.0998e+05,3.0043e+05,2.8412e+05,2.7447e+05,2.665e+05,2.5833e+05,2.4749e+05,2.3968e+05,2.3068e+05,2.2818e+05,2.227e+05,2.1437e+05,2.0546e+05,2.0464e+05,2.0293e+05,1.9968e+05,1.9681e+05,1.8672e+05,1.8401e+05,1.7478e+05,1.6789e+05,1.6433e+05,1.5825e+05,1.4652e+05,1.3617e+05,1.1598e+05,1.1353e+05,1.1321e+05,1.065e+05,1.0627e+05,1.0277e+05,99510,93654,92837,90352,89381,87768,85404,83503,82027,78971,77098,74505,72469,70197,67907,65579,64936,61359,58264,54284,51423,50456,47831,44923,42974,41812,40490,38878,37182,35042,34404,32147,32147,30461,28582,23830,23749,22273,21882,21350,18577,18237,15839,15344,15344,15017,14985,14506,12945,12945,11826,10383,10383,10383,9754.7,9754.7,9512.5,9512.5,9333,9053.2,8600.9,8019.4,7738.3,7510.3,7016.9,6779.1,6410.7,5955.6,5955.6,5757.8,5480.7,4904.3,4601.7,4601.7,4129.8,4098.1,3915.4,3744.4,3518.1,3082.3,3080.6,3017.5,2952.7,2859.6,2750.8,2520.8,2393.5,2251,2197.9,2111.9,2109.9,1938.6,1784.9,1784.9,1742.3,1692,1652.3,1623.4,1515.3,1515.3,1485.5,1443.1,1429.9,1372.8,1372.8,1372.8,1369.1,1357.9,1357.9,1316.5,1273.4,1273.4,1273.4,1273.4,1235.4,1235.4,1235.4,1222.1,1208.4,1208.4,1204.1,1183,1127.9,1097.3,1004.4,915.86,915.86,915.86,915.86,915.86,915.86,915.86,867.07,867.07,867.07,845.39,845.39,845.39,845.39,845.39,845.39,833.8,804.75,804.75,793.28,793.28,780.14,780.14,780.14,740.14,740.14,740.14,740.14,740.14,740.14,740.14,737.05,703.59,703.59,688.91,639.6,639.6,639.6,639.6,639.6,639.6,608.91,577.97,577.97,577.97,577.97,577.97,577.97,569.76,569.76,569.76,513.74,513.74,513.74,513.74,513.74,513.74,513.74,513.74,513.74,513.74,513.74,513.74,513.74,513.74,513.74,513.74,513.74,513.74,513.74,513.74,513.74,513.74,513.74,513.74,513.74,513.74,513.74,513.74,513.74,513.74,513.74,513.74,513.74,513.74,513.74,513.74,513.74,513.74,513.74,513.74,513.74,513.74,513.74,513.74,513.74,513.74,513.74,513.74,513.74,513.74,513.74,513.74,513.74,513.74,513.74,513.74,513.74,513.74,513.74,513.74,513.74,513.74,513.74,513.74,513.74,513.74,513.74,513.74,513.74,513.74,513.74,513.74,513.74,513.74,513.74,513.74,513.74,513.74,513.74,513.74,513.74,513.74,513.74,513.74,513.74,513.74,513.74,513.74,513.74,513.74,513.74,513.74,513.74,513.74,513.74,513.74,513.74,513.74,513.74,513.74,513.74,513.74,513.74,513.74,513.74,513.74,513.74,513.74,513.74,513.74,513.74,513.74,513.74,513.74,513.74,513.74,513.74,513.74,513.74,513.74,513.74,513.74,513.74,513.74,513.74,513.74,513.74,513.74,513.74,513.74,513.74,513.74,513.74,513.74,513.74,513.74,513.74,513.74,513.74,513.74,513.74,513.74,513.74,513.74,513.74,513.74,513.74,513.74,513.74,513.74,513.74,513.74,513.74,513.74,513.74,513.74,513.74,513.74,513.74,513.74,513.74,513.74,513.74,513.74,513.74,513.74,510.59,510.59,510.59,510.59,510.59,510.59,510.59,510.59,510.59,510.59,510.59,510.59,499.77,499.77,499.77,499.77,482.44,482.44,482.44,482.44,482.44,482.44,482.44,478.86,478.86,478.86,478.86,478.86,478.86,478.86,478.86,478.86,478.86,478.86,478.86,478.86,478.86,478.86,478.86,478.86,476.27,476.27,476.27,476.27,476.27,476.27,476.27,476.27,476.27,476.27,476.27,476.27,476.27,476.27,476.27,476.27,476.27,476.27,476.27,476.27,476.27,476.27,476.27,476.27,476.27,476.27,476.27,463.72,463.72,463.72,463.72,463.72,463.72,463.72,463.72,463.72,463.72,463.72,463.72,463.72,463.72,463.72,463.72
3.7366e+05,3.7212e+05,3.7016e+05,3.6936e+05,3.6813e+05,3.645e+05,3.5953e+05,3.5753e+05,3.5553e+05,3.5327e+05,3.5131e+05,3.4842e+05,3.4462e+05,3.4106e+05,3.3902e+05,3.3772e+05,3.3311e+05,3.3031e+05,3.2659e+05,3.2204e+05,3.18e+05,3.1541e+05,3.132e+05,3.0953e+05,3.0399e+05,2.9812e+05,2.9429e+05,2.9009e+05,2.8576e+05,2.794e+05,2.7463e+05,2.7105e+05,2.6644e+05,2.62e+05,2.5788e+05,2.5187e+05,2.4992e+05,2.4791e+05,2.4504e+05,2.4145e+05,2.3528e+05,2.2852e+05,2.1938e+05,2.1687e+05,2.122e+05,2.0647e+05,2.0176e+05,1.9853e+05,1.9481e+05,1.848e+05,1.8383e+05,1.8126e+05,1.776e+05,1.7543e+05,1.7301e+05,1.6879e+05,1.6093e+05,1.5696e+05,1.4702e+05,1.446e+05,1.4045e+05,1.3804e+05,1.3073e+05,1.2918e+05,1.2754e+05,1.2651e+05,1.1573e+05,1.0644e+05,95597,87998,81931,80566,70224,64925,61529,61529,58005,58005,55739,55739,54803,52969,49636,45463,45405,45405,41317,41317,35469,31773,31773,30494,30494,30494,29528,29528,27798,27653,26050,25701,25604,25370,24707,24208,23433,22622,21939,21939,21434,20904,20346,19939,19711,19170,18814,17828,17577,16970,16744,16229,16130,15650,15317,14893,14583,13199,13199,12551,12058,12058,11156,11009,10980,10319,10213,9330,9330,8306.4,8306.4,8042,7534.6,7534.6,7480.4,7480.4,7480.4,6780.3,6640.3,6640.3,6348.8,5915.1,5775,5729.5,5321.3,5198.8,4838,4641.6,4172.8,4172.8,4117.3,4117.3,3842.2,3842.2,3842.2,3830.4,3828.2,3828.2,3714.8,3657.2,3509.9,3509.9,3359.7,3241.7,3225,2787.5,2699.8,2510.1,2466.7,2422.1,2422.1,2422.1,2157.6,2157.6,2105.6,2105.6,1954.5,1788.9,1788.9,1788.9,1788.9,1661.8,1661.8,1661.8,1661.8,1661.8,1630.2,1582.5,1582.5,1582.5,1501.6,1501.6,1501.6,1501.6,1501.6,1392.4,1344.6,1241.9,1237.2,1237.2,1185.9,1148.1,1115.9,1115.9,1115.9,1079.4,1025.4,998.24,998.24,998.24,994.39,929.97,858.7,858.7,858.7,858.7,858.7,858.7,858.7,858.7,858.7,858.7,858.7,858.7,858.7,858.7,858.7,858.7,781.79,781.79,744,744,710.84,655.44,655.44,655.44,651.16,597.44,597.44,555.75,555.75,555.75,550.05,550.05,550.05,550.05,550.05,535.84,535.84,535.84,535.84,535.84,535.84,535.84,535.84,535.84,535.84,535.84,535.84,535.84,535.84,535.84,533.9,533.9,533.9,533.9,533.9,533.9,533.9,533.9,533.9,533.9,533.9,533.9,533.9,533.9,533.9,533.9,533.9,533.9,533.9,533.34,533.34,533.34,533.34,533.34,533.34,533.34,533.34,533.34,523.97,523.97,523.97,523.97,523.97,523.97,523.97,523.97,523.97,523.97,523.97,523.97,505.43,505.43,505.43,505.43,505.43,505.43,505.43,505.43,505.43,505.43,505.43,505.43,505.43,491.31,488.3,488.3,488.3,488.3,488.3,488.3,488.3,488.3,488.3,488.3,488.3,488.3,488.3,488.3,488.3,488.3,488.3,488.3,488.3,488.3,488.3,488.3,488.3,488.3,488.3,488.3,488.3,488.3,488.3,488.3,488.3,488.3,465.72,465.72,465.72,465.72,465.72,465.72,465.72,465.72,465.72,465.72,465.72,465.72,465.72,465.72,465.72,465.72,465.72,465.72,465.72,465.72,465.72,465.72,465.72,465.72,465.72,465.72,424.98,424.98,424.98,424.98,424.98,424.98,424.98,424.98,424.98,424.98,424.98,424.98,424.98,424.98,424.98,424.98,424.98,424.98,424.98,424.98,424.98,424.98,424.98,424.98,424.98,424.98,424.98,424.98,424.98,424.98,424.98,424.98,424.98,424.98,424.98,424.98,424.98,424.98,424.98,424.98,424.98,424.98,424.98,424.98,424.98,424.98,424.98,424.98,424.98,424.98,424.98,424.98,424.98,424.98,424.98,424.98,424.98,424.98,424.98,424.98,424.98,424.98,424.98,424.98,424.98,424.98,424.98,424.98,424.98,424.98,424.98,424.98,424.98,424.98,424.98,424.98,424.98,424.98,424.98,424.98,424.98,424.98,424.98,424.98,424.98,424.98,424.98,424.98,424.98,424.98,424.98,424.98,424.98,424.98,424.98
4.4227e+05,4.4076e+05,4.3875e+05,4.3555e+05,4.3333e+05,4.2767e+05,4.2488e+05,4.2138e+05,4.1903e+05,4.14e+05,4.086e+05,4.0531e+05,3.915e+05,3.8424e+05,3.7107e+05,3.6555e+05,3.4804e+05,3.3994e+05,3.3292e+05,3.2367e+05,3.132e+05,2.9818e+05,2.8258e+05,2.7668e+05,2.7057e+05,2.5386e+05,2.5171e+05,2.4655e+05,2.444e+05,2.4118e+05,2.2258e+05,2.2073e+05,2.1798e+05,2.1116e+05,2.1116e+05,2.1116e+05,1.982e+05,1.982e+05,1.9726e+05,1.9726e+05,1.95e+05,1.9135e+05,1.9087e+05,1.8747e+05,1.8747e+05,1.8747e+05,1.8299e+05,1.8299e+05,1.8282e+05,1.7894e+05,1.748e+05,1.746e+05,1.7196e+05,1.6969e+05,1.6843e+05,1.664e+05,1.6357e+05,1.5884e+05,1.5474e+05,1.4817e+05,1.4799e+05,1.4565e+05,1.4198e+05,1.4066e+05,1.3344e+05,1.2933e+05,1.2246e+05,1.2138e+05,1.1844e+05,1.1656e+05,1.1433e+05,1.1433e+05,1.0794e+05,1.055e+05,1.043e+05,1.01e+05,97123,97123,96009,96009,96001,95246,93458,84905,84905,82409,82409,78006,73969,73755,72890,72076,70315,69901,67505,62704,62671,60239,60239,60239,58423,56037,56027,53331,46213,41387,41387,41387,40480,40480,39674,38357,37408,34494,34494,32770,27796,26822,25390,23461,23461,22102,18762,17538,14054,13636,13636,12875,12875,12219,12112,11390,10700,10249,9547.4,8987.5,8837,8213.4,7711.6,7711.6,7711.6,7639.4,7621,7152.2,7054.1,6893.2,6454.7,6454.7,6454.7,5991,5991,5991,5991,5991,5991,5991,5754.4,5590.6,5590.6,5126.3,4751.6,4605.8,4605.8,4174.9,3987.9,3977.4,3977.4,3858.6,3680.4,3580.8,3566.6,3535.2,3397,3219.2,3219.2,3121.5,3121.5,2904.3,2863,2740.5,2604.2,2543.1,2228,2020.6,2020.6,1961.4,1956.2,1953.3,1867.1,1867.1,1831.7,1764.4,1764.4,1595.4,1595.4,1552.3,1525.9,1525.9,1429,1429,1429,1429,1429,1429,1429,1350.3,1220,1202.9,1144.3,1144.3,1144.3,1122.3,1061.5,1054.2,946.04,913.75,913.75,913.75,857.48,857.48,857.48,857.48,832.31,832.31,818.05,817.68,817.2,817.2,817.2,806.84,806.84,806.84,806.84,806.84,806.84,806.84,749.09,749.09,749.09,749.09,749.09,749.09,749.09,749.09,749.09,749.09,749.09,749.09,749.09,748.47,748.47,732.93,732.93,732.93,732.93,732.93,732.93,732.93,732.93,732.93,726.6,726.6,716.15,716.15,716.15,716.15,716.15,716.15,691.2,691.2,685.25,685.25,685.25,685.25,685.25,683.58,634,634,634,634,634,634,634,634,634,634,634,634,634,634,634,634,634,634,634,634,634,634,634,634,634,633.17,622.03,622.03,622.03,622.03,622.03,622.03,622.03,622.03,622.03,622.03,622.03,622.03,622.03,622.03,613.1,613.1,613.1,613.1,607.68,591.57,591.57,591.57,591.57,591.57,571.41,543.47,538.01,538.01,538.01,538.01,527.09,527.09,527.09,518.08,518.08,518.08,518.08,518.08,517.4,517.4,517.4,517.4,508.19,504.8,504.8,504.8,504.8,504.8,504.8,465.12,465.12,465.12,465.12,465.12,465.12,465.12,463.17,457.86,457.86,445.23,445.23,445.23,445.23,445.23,445.23,445.23,445.23,445.23,445.23,430.46,430.46,430.46,427.66,427.66,427.66,427.66,427.66,427.66,427.66,427.66,427.66,419.82,414.11,414.11,414.11,414.11,414.11,401.79,401.79,401.79,398.13,398.07,386.32,386.32,386.32,383.27,383.27,383.27,378.26,378.26,378.26,378.26,378.26,373.49,373.49,373.49,373.36,373.36,373.36,373.36,373.36,373.36,373.36,373.36,373.36,373.36,373.36,371.14,371.14,371.14,371.14,370.71,368.5,368.5,366.72,366.72,366.72,364.43,364.43,363.4,363.4,363.4,363.4,359.43,356.68,356.1,356.1,348.99,348.25,348.25,348.25,347.26,347.26,347.26,346.82,346.82,346.82,346.82,344.44,343.95,342.85,341.73,341.38,341.38,340.18,340.05,340.05,340.05,339.6,338.57,338.57,338.57,338.57,338.57,338.47,338.47,338.47,337.72,337.72,337.46,337.34,337.17,336.97,336.66,336.66
3.9931e+05,3.9655e+05,3.9535e+05,3.938e+05,3.9275e+05,3.9162e+05,3.8892e+05,3.8718e+05,3.8372e+05,3.7151e+05,3.614e+05,3.5302e+05,3.4832e+05,3.4447e+05,3.3175e+05,3.1815e+05,3.0431e+05,3.0154e+05,2.8846e+05,2.7453e+05,2.6968e+05,2.6529e+05,2.5687e+05,2.5276e+05,2.5002e+05,2.3874e+05,2.278e+05,2.2551e+05,2.1822e+05,2.1365e+05,2.1043e+05,1.9778e+05,1.8995e+05,1.8983e+05,1.8621e+05,1.791e+05,1.7257e+05,1.6829e+05,1.646e+05,1.6259e+05,1.5859e+05,1.5068e+05,1.4834e+05,1.463e+05,1.4095e+05,1.3748e+05,1.2567e+05,1.1896e+05,1.1554e+05,1.1006e+05,99418,86288,75119,73291,67094,67094,65726,64097,60090,58814,56877,54192,51243,50660,49789,49419,49419,48558,45655,37800,36952,36952,36952,36952,35587,35587,35587,35587,35587,35367,34636,34487,34117,34117,33179,33179,32813,32476,32476,31877,30119,30119,28913,26328,25122,23502,23168,22758,22758,21652,20177,19842,18951,18803,17952,17138,16882,16571,16571,16071,15954,14985,13713,13288,13161,12821,12821,12821,12821,12780,12362,12362,11782,11782,11782,11340,10546,10220,10220,9056.4,8928.8,8553.4,8032.6,8032.6,7257.5,7257.5,7257.5,7138.9,7058.6,7058.6,6898.6,6460.4,6460.4,6435.1,6041.4,5540.5,5495.7,5385.7,5335.6,5125.5,4795.8,4795.8,4795.8,4604.2,4560.8,4525.1,4311.7,4250.5,4250.5,4122,3995.4,3995.4,3811.9,3595.7,3172.3,2881.4,2778.1,2778.1,2544.3,2394.8,2348.5,2274.5,2111.4,1853.6,1665.7,1665.7,1665.7,1665.7,1665.7,1561,1547.3,1547.3,1515.2,1292,1242.9,1131.7,1127,1127,1127,1127,1045.7,1045.7,1045.7,1045.7,1010.3,1004.2,1004.2,954.01,954.01,938.75,938.75,938.75,938.75,938.75,938.75,938.75,938.75,938.75,938.75,863.06,863.06,863.06,863.06,848.83,848.83,848.83,848.83,822.44,822.44,810.96,810.96,810.96,810.96,810.96,793.32,793.32,751.82,740.86,740.86,740.86,723.56,709.27,665.65,665.65,660.06,612.99,544.83,544.83,544.83,544.83,544.83,544.83,544.83,544.83,544.83,544.83,544.83,544.83,544.83,544.83,544.83,544.83,544.83,544.83,538.09,538.09,538.09,538.09,538.09,538.09,538.09,538.09,531.57,531.57,514.94,507.59,507.59,507.59,507.59,507.59,507.59,507.59,502.22,502.22,428.78,428.78,428.78,428.78,428.78,428.78,428.78,428.78,428.78,428.78,428.78,428.78,428.78,428.78,428.78,428.78,428.78,428.78,428.78,428.78,428.78,428.78,428.78,428.78,428.78,408.56,408.56,408.56,408.56,384.72,384.72,384.72,384.72,384.72,384.72,384.72,384.72,384.72,384.72,384.72,384.72,384.72,384.72,384.72,384.72,384.72,384.72,384.72,384.72,384.72,384.72,384.72,384.72,384.72,384.72,384.72,384.72,384.72,384.72,384.72,383.63,383.63,383.63,383.63,383.63,383.63,383.63,383.63,383.63,383.63,383.63,383.63,383.63,383.63,383.63,383.63,383.63,383.63,383.63,383.63,383.63,383.63,383.63,383.63,383.63,383.63,383.63,383.63,383.63,383.63,383.63,383.63,383.63,383.63,383.63,383.63,383.63,372.66,372.66,372.66,372.66,372.66,372.66,372.66,372.66,372.66,372.66,372.66,372.66,372.66,372.66,372.66,372.66,372.66,372.66,372.66,372.66,372.66,372.66,372.66,372.66,372.66,372.66,372.66,372.66,372.66,372.66,372.66,372.66,372.66,372.66,372.66,372.66,372.66,372.66,372.66,372.66,372.66,372.66,372.66,372.66,372.66,372.66,372.66,372.66,372.66,372.66,372.66,372.11,372.11,372.11,372.11,372.11,372.11,372.11,372.11,372.11,372.11,372.11,372.11,372.11,372.11,372.11,372.11,372.11,372.11,372.11,372.11,372.11,372.11,372.11,372.11,372.11,372.11,372.11,372.11,372.11,372.11,372.11,372.11,372.11,372.11,372.11,372.11,372.11,372.11,372.11,372.11,372.11,372.11,372.11,372.11,372.11,372.11,372.11,372.11,372.11,372.11,372.11,372.11,372.11,372.11,372.11
4.6992e+05,4.68e+05,4.6524e+05,4.6385e+05,4.5989e+05,4.571e+05,4.556e+05,4.5272e+05,4.4861e+05,4.4788e+05,4.4558e+05,4.4313e+05,4.3968e+05,4.3526e+05,4.2613e+05,4.214e+05,4.0994e+05,4.034e+05,3.9439e+05,3.8582e+05,3.6981e+05,3.5348e+05,3.4456e+05,3.2158e+05,3.1218e+05,2.9985e+05,2.8499e+05,2.6005e+05,2.5846e+05,2.4537e+05,2.4487e+05,2.2428e+05,2.0325e+05,1.8548e+05,1.7757e+05,1.6678e+05,1.6678e+05,1.6678e+05,1.6169e+05,1.5077e+05,1.4286e+05,1.4033e+05,1.3594e+05,1.3346e+05,1.2942e+05,1.2142e+05,1.2005e+05,1.1793e+05,1.1793e+05,1.1793e+05,1.1793e+05,1.1793e+05,1.1793e+05,1.1793e+05,1.1793e+05,1.1443e+05,1.1443e+05,1.1311e+05,1.1311e+05,1.1311e+05,1.0893e+05,1.0753e+05,1.0267e+05,96272,93969,85795,83612,80616,80293,79657,77090,76294,75575,74088,72207,65953,63847,62009,60694,60120,60120,60120,59233,59233,59233,57801,57801,57590,57590,56234,54977,54067,54067,53631,53631,53631,52693,52693,52198,52019,49357,49346,47257,47257,45545,45545,42323,42323,40144,39486,33215,33215,31359,28834,24873,21016,21016,21016,20484,20484,20484,20484,18941,18941,18941,18941,18941,18941,18941,16898,16898,16898,16844,16844,16844,16844,16844,16844,16844,16844,16844,16844,16844,16840,16840,16840,16840,16840,16840,16840,16840,16840,16000,15274,15274,15274,15274,15274,15274,15274,15274,13851,13851,13851,13851,13851,13851,13851,13851,13851,13770,13770,13770,13770,13770,13746,12079,12079,12079,11894,11894,11894,11894,11894,11812,11812,11771,11002,10611,9959,9959,9916.9,9798.5,8894.2,8894.2,8466.3,8466.3,8466.3,8466.3,8466.3,8466.3,8466.3,8466.3,8466.3,8466.3,8028.9,7741.7,7741.7,7029.8,7029.8,6549.4,6549.4,6549.4,6183.1,5584.4,5368.6,4960.6,4863.5,4425.4,4425.4,4425.4,4293.9,4187.4,3943.1,3793.2,3598.7,3424.4,3424.4,3424.4,3424.4,3424.4,3424.4,3424.4,3424.4,3424.4,3424.4,3424.4,3424.4,3424.4,3406.6,3406.6,3406.6,3304,2959.5,2959.5,2959.5,2959.5,2959.5,2959.5,2934.8,2934.8,2934.8,2781.5,2781.5,2638.4,2638.4,2638.4,2544.1,2544.1,2544.1,2544.1,2544.1,2544.1,2529.5,2529.5,2440.6,2418.3,2418.3,2418.3,2370.1,2370.1,2367.5,2367.5,2367.5,2367.5,2225.4,2225.4,2225.4,2225.4,2225.4,2177.8,2177.8,2136.1,1865.4,1865.4,1865.4,1863.8,1819.5,1819.5,1819.5,1741.4,1741.4,1741.4,1702.6,1702.6,1702.6,1702.6,1702.6,1702.6,1631.1,1631.1,1631.1,1631.1,1601.9,1601.9,1601.9,1515.9,1508.1,1455.7,1401.2,1200.4,1150.1,1150.1,1125.2,1103.8,1103.8,1016.6,976.18,976.18,957.47,936.14,936.14,936.14,928.29,928.29,928.29,906.94,906.94,847.35,847.35,847.35,847.35,832.3,832.3,796.24,796.24,796.24,778.33,778.33,778.33,778.33,778.33,778.33,778.33,778.33,778.33,778.33,778.33,778.33,769.17,756.94,691.37,691.37,691.37,691.37,678.84,678.84,678.84,678.84,678.84,678.84,678.84,678.84,678.84,658.76,658.76,658.76,658.76,648.51,642.3,579.34,552.78,552.78,534.7,534.7,534.7,534.7,534.7,534.7,534.7,534.7,534.7,534.7,534.7,534.7,534.7,534.7,534.7,534.7,534.7,534.7,534.7,534.7,534.7,534.7,534.7,534.7,534.7,534.7,530.31,530.31,530.31,530.31,530.31,530.31,530.31,530.31,530.31,530.31,530.31,530.31,530.31,530.31,530.31,530.31,530.31,530.31,530.31,530.31,530.31,530.31,530.31,530.31,530.31,530.31,530.31,530.31,530.31,530.31,530.31,530.31,530.31,530.31,530.31,530.31,530.31,530.31,530.31,530.31,530.31,530.31,530.31,530.31,530.31,530.31,530.31,530.31,530.31,530.31,530.31,530.31,530.31,530.31,530.31,513.18,513.18,513.18,513.18,513.18,513.18,513.18,513.18,513.18,513.18,513.18,513.18,513.18,513.18,513.18,513.18,513.18,513.18,513.18,513.18,513.18,513.18,513.18
4.9916e+05,4.9636e+05,4.951e+05,4.9266e+05,4.8915e+05,4.8484e+05,4.7738e+05,4.6664e+05,4.5487e+05,4.4495e+05,4.383e+05,4.2703e+05,4.2242e+05,4.1695e+05,4.0888e+05,3.8901e+05,3.8456e+05,3.707e+05,3.6082e+05,3.2317e+05,3.1909e+05,3.0413e+05,2.8877e+05,2.5638e+05,2.4828e+05,2.3407e+05,2.1691e+05,1.9598e+05,1.9105e+05,1.6095e+05,1.3047e+05,1.3047e+05,1.1474e+05,1.1079e+05,1.0531e+05,99782,88774,75796,73878,71541,69059,67378,62296,62019,57027,50357,50357,49231,46755,41334,40840,37234,37234,34683,34683,33391,33391,33391,33391,32714,32156,32156,32156,31210,30181,30038,29699,29693,29693,29199,29199,29199,29199,28751,28751,28751,28751,28256,28256,28256,27536,25634,25634,25634,25154,25154,25031,24783,24612,24612,24612,24407,23952,21855,21257,20389,20174,19901,18260,17398,17085,16285,15980,15405,15119,14730,14461,13156,12622,12622,11409,10665,10665,10665,9828.8,9720.1,9369.4,7196.7,6930.2,6048.2,5387.6,5026.1,5026.1,5026.1,4690.2,4690.2,4690.2,4545.3,4402.6,4368,4208.3,4208.3,4041.8,4004.4,3996.4,3823.2,3430.6,3430.6,3393,3254.4,3077.5,3054.5,3054.2,3054.2,2819,2689.9,2689.9,2481.5,2414.2,2348,2317.2,2242.7,2108.7,1893.4,1769.9,1710.5,1629.8,1587,1587,1388.1,1232.8,1232.8,1007.4,1007.4,1007.4,1007.4,1007.4,1007.4,1007.4,1007.4,1007.4,1007.4,1007.4,964.02,964.02,952.07,952.07,926.91,899.99,899.99,899.99,873.77,709.2,709.2,709.2,709.2,709.2,709.2,709.2,709.2,709.2,709.2,683.97,683.97,683.97,683.97,683.97,683.97,683.97,683.97,683.97,683.97,676.91,676.91,676.91,676.91,676.91,676.91,676.91,676.91,654.39,654.39,654.39,654.39,654.39,654.39,654.39,654.39,621.75,621.75,621.75,621.75,621.75,621.75,621.75,621.75,616.13,574.97,574.97,574.97,574.97,554.86,554.86,521.21,521.21,521.04,521.04,521.04,521.04,521.04,477.95,477.95,477.95,477.95,477.95,477.95,474.63,452.63,452.63,452.63,452.63,441.59,441.59,441.59,441.59,441.59,441.59,441.59,441.59,441.59,441.59,441.59,441.59,441.59,441.59,379.7,379.7,379.7,379.7,379.7,379.7,379.7,379.7,379.7,379.7,379.7,379.7,379.7,379.7,379.7,379.7,379.7,379.7,379.7,379.7,379.7,379.7,379.7,379.7,379.7,379.7,379.7,379.7,379.7,379.7,379.7,379.7,379.7,379.7,379.7,379.7,379.7,379.7,379.7,379.7,379.7,379.7,379.7,379.7,379.7,379.7,379.7,379.7,379.7,379.7,379.7,379.7,379.7,379.7,379.7,379.7,379.7,379.7,379.7,379.7,379.7,379.7,379.7,379.7,379.7,379.7,379.7,379.7,379.7,379.7,379.7,379.7,379.7,379.7,379.7,379.7,379.7,379.7,379.7,379.7,379.7,379.7,379.7,379.7,379.7,379.7,379.7,379.7,379.7,379.7,379.7,379.7,379.7,379.7,379.7,379.7,379.7,379.7,379.7,379.7,379.7,379.7,379.7,379.7,379.7,379.7,379.7,379.7,379.7,379.7,379.7,379.7,379.7,379.7,379.7,379.7,379.7,379.7,379.7,379.7,379.7,379.7,379.7,379.7,379.7,362.2,362.2,362.2,362.2,362.2,362.2,362.2,362.2,362.2,362.2,362.2,362.2,362.2,362.2,362.2,362.2,362.2,362.2,362.2,362.2,362.2,362.2,362.2,362.2,362.2,362.2,362.2,362.2,362.2,362.2,362.2,362.2,362.2,362.2,362.2,362.2,362.2,362.2,362.2,362.2,362.2,362.2,362.2,362.2,362.2,362.2,362.2,362.2,362.2,362.2,362.2,362.2,362.2,362.2,362.2,362.2,362.2,362.2,362.2,362.2,362.2,362.2,362.2,362.2,362.2,362.2,362.2,362.2,362.2,362.2,362.2,362.2,362.2,362.2,362.2,362.2,362.2,362.2,362.2,362.2,362.2,362.2,362.2,362.2,362.2,362.2,362.2
5.2488e+05,5.2337e+05,5.2032e+05,5.172e+05,5.1558e+05,5.1212e+05,5.1099e+05,5.067e+05,5.0439e+05,4.9871e+05,4.9027e+05,4.8448e+05,4.6085e+05,4.5011e+05,4.338e+05,4.268e+05,4.201e+05,4.1127e+05,3.9534e+05,3.8778e+05,3.707e+05,3.6506e+05,3.4026e+05,3.3883e+05,3.0984e+05,3.0096e+05,2.9289e+05,2.6099e+05,2.4987e+05,2.2857e+05,2.2059e+05,2.0812e+05,2.0607e+05,1.9738e+05,1.9738e+05,1.8473e+05,1.8437e+05,1.6802e+05,1.5797e+05,1.5336e+05,1.3798e+05,1.3504e+05,1.1711e+05,1.139e+05,1.0552e+05,99929,89269,82263,77347,72845,66865,65887,59941,47308,45890,45890,44388,44388,40630,39525,38820,38701,38565,35510,34005,34005,33616,32933,31783,31695,30411,30355,30253,28167,28167,28167,26593,25178,22545,22152,21258,20918,18915,17362,15296,15296,14865,14865,12797,12138,12138,12138,12138,10787,10787,10269,9818,9385.5,9385.5,9385.5,9385.5,9385.5,9385.5,9385.5,9385.5,9385.5,8662.6,8603.9,7957.6,7827.6,7603.6,7287.5,7195.2,7106.5,6688.3,6216.3,6216.3,5340.3,5340.3,5196,5088.6,4765.9,4693,4489.7,4452.7,4238.3,4055.3,3829.5,3646.2,3492.8,3291.9,3067.8,2900.3,2868.2,2848.3,2635.6,2578,2578,2449.1,2402.3,2314.8,2293.1,2293.1,2169.8,2031,1927.4,1927.4,1927.4,1876.5,1876.5,1876.5,1814.8,1747.6,1707.6,1628.4,1583,1576.6,1576.6,1576.6,1576.6,1545,1545,1545,1545,1474,1447.8,1424.7,1371.7,1371.7,1371.7,1371.7,1371.7,1371.7,1371.7,1371.7,1371.7,1304.3,1304.3,1304.3,1224.7,1224.7,1207.4,1207.4,1177.5,1177.5,1177.5,1160.9,1146.9,1146.9,1106.9,1086.9,1069.6,1069.6,1069.6,1069.6,1069.6,1067.5,1061.2,996.84,996.59,959.42,959,921.86,866.46,866.46,848.46,848.46,848.46,793.1,793.1,793.1,793.1,793.1,793.1,793.1,793.1,793.1,793.1,776.35,776.35,776.35,773.79,773.79,773.79,773.79,773.79,773.79,773.79,722.53,722.53,722.53,722.53,722.53,722.53,722.53,722.53,677.89,677.89,677.89,677.89,677.89,677.89,677.89,677.89,625.08,625.08,625.08,625.08,625.08,625.08,625.08,625.08,625.08,625.08,625.08,625.08,625.08,625.08,625.08,625.08,625.08,625.08,625.08,616.13,616.13,598.95,585.53,577.7,569.93,569.93,540.43,540.43,540.43,535.88,535.88,535.88,535.88,535.88,535.88,529.87,529.87,529.87,529.87,529.87,529.87,529.87,529.87,529.87,529.87,529.87,529.87,529.87,526.64,526.64,526.64,526.64,526.64,526.64,526.64,526.64,526.64,526.64,526.26,526.26,526.26,526.26,505.14,505.14,505.14,505.14,505.14,505.14,505.14,505.14,505.14,505.14,496.29,496.29,496.29,496.29,496.29,496.29,496.29,496.29,496.29,482.29,482.29,482.29,465.1,465.1,465.1,465.1,465.1,465.1,465.1,465.1,465.1,444.61,444.61,444.61,444.61,444.61,444.61,444.61,444.61,444.61,444.61,444.61,438.73,438.73,438.73,438.73,438.73,438.73,438.73,438.73,438.73,438.73,438.73,438.73,438.73,438.73,438.73,438.73,438.73,438.73,438.73,438.73,438.73,438.73,438.73,438.73,438.73,438.73,438.73,438.73,438.73,438.73,438.73,438.73,438.73,438.73,438.73,438.73,438.73,438.73,438.73,438.73,438.73,438.73,438.73,438.73,438.73,438.73,438.73,438.73,438.73,438.73,438.73,438.73,438.73,438.73,438.73,438.73,438.73,438.73,438.73,438.73,438.73,438.73,438.73,438.73,438.73,438.73,438.73,438.73,438.73,438.73,438.73,438.73,438.73,438.73,438.73,438.73,438.73,438.73,438.73,438.73,438.73,438.73,438.73,438.73,438.73,438.73,438.73,438.73,438.73,438.73,438.73,438.73,438.73,438.73,438.73,438.73,438.73,438.73,438.73,438.73,438.73,438.73,438.73,438.73,438.73,438.73,438.73,438.73,438.73,438.73,438.73,438.73,438.73,438.73,438.73,438.73,438.73,438.73,438.73,438.73,438.73,438.73,438.73,438.73,438.73,438.73,438.73,438.73,438.73
3.5735e+05,3.5592e+05,3.551e+05,3.5367e+05,3.5141e+05,3.5057e+05,3.4866e+05,3.4674e+05,3.4468e+05,3.4083e+05,3.367e+05,3.3473e+05,3.3027e+05,3.2374e+05,3.2049e+05,3.1525e+05,3.1317e+05,3.1144e+05,3.0831e+05,3.0521e+05,3.0131e+05,2.9944e+05,2.8484e+05,2.7843e+05,2.7594e+05,2.7134e+05,2.4469e+05,2.3909e+05,2.1614e+05,2.1129e+05,2.0351e+05,1.9665e+05,1.9665e+05,1.9327e+05,1.8578e+05,1.8245e+05,1.6834e+05,1.5888e+05,1.46e+05,1.1972e+05,1.1972e+05,1.045e+05,87699,80386,63828,63828,58562,57298,53464,52265,52265,48681,46152,42499,38939,38939,36435,33892,32356,32356,32356,32356,32356,32356,32356,31367,31367,31367,29358,27450,27417,27041,25987,25987,24642,24642,24642,21620,20882,19403,19403,19403,19403,19192,18093,17174,14134,14134,14036,13132,12841,12568,11882,11630,10839,9753,9585.5,8456,8172.2,7644.3,7298.6,7096.9,7074.2,5845.1,5845.1,5454.2,5348.4,5022.3,4969.7,4698.8,4698.8,4603.3,4248.1,4183.3,3753.3,3743.3,3743.3,3467.2,3384,3085.4,3066.1,2669.7,2669.7,2669.7,2669.7,2669.7,2669.7,2318.7,2318.7,2318.7,2318.7,2318.7,2127.7,2127.7,2127.7,2127.7,2127.7,2127.7,2127.7,2127.7,2108,2108,2108,2108,2108,2075.7,1839.9,1839.9,1839.9,1839.9,1839.9,1806,1806,1806,1628.9,1628.9,1589.4,1427.1,1427.1,1427.1,1360.3,1360.3,1147.1,1147.1,1147.1,1147.1,1147.1,1147.1,1147.1,1147.1,1147.1,1147.1,1147.1,1147.1,1048.3,1048.3,1032.6,1032.6,1032.6,1032.6,1025.5,1025.5,1025.5,1025.5,1013.8,978.28,978.28,978.28,955.75,955.75,955.75,955.75,955.75,955.75,955.75,955.75,955.75,955.75,955.75,955.75,955.75,955.75,955.75,955.75,908.87,849.94,849.94,849.94,849.94,849.94,835.12,829.83,743.84,718.47,718.47,718.47,718.47,712.88,694.49,672.57,672.57,672.57,647.9,647.9,647.9,647.9,647.9,618.29,618.29,582.33,582.33,582.33,582.33,582.33,560.96,560.96,554.16,493.89,493.89,493.89,493.89,493.89,493.89,493.89,493.89,493.89,493.89,493.89,493.89,493.89,493.89,493.89,493.89,493.89,472.55,472.55,472.55,472.55,472.55,472.55,472.55,472.55,472.55,472.55,472.55,472.55,472.55,472.55,472.55,472.55,472.55,472.55,472.55,472.55,472.55,472.55,472.55,472.55,472.55,472.55,472.55,472.55,472.55,472.55,472.55,472.55,472.55,472.55,472.55,472.55,472.55,472.55,472.55,472.55,472.55,472.55,472.55,472.55,472.55,472.55,472.55,472.55,472.55,472.55,472.55,472.55,472.55,472.55,472.55,472.55,472.55,472.55,472.55,472.55,472.55,472.55,442.55,442.55,442.55,442.55,442.55,442.55,442.55,442.55,442.55,442.55,442.55,442.55,442.55,442.55,442.55,442.55,442.55,442.55,442.55,442.55,442.55,442.55,442.55,433.3,433.3,433.3,433.3,433.3,433.3,433.3,433.3,433.3,433.3,433.3,433.3,433.3,433.3,427.6,427.6,427.6,427.6,427.6,427.6,427.6,427.6,427.6,427.6,427.6,427.6,427.6,427.6,427.6,427.6,427.6,427.6,427.6,427.6,427.6,427.6,427.6,427.6,427.6,427.6,427.6,427.6,427.6,427.6,427.6,427.6,427.6,427.6,427.6,427.6,427.6,427.6,427.6,427.6,427.6,427.6,427.6,427.6,427.6,427.6,427.6,427.6,427.6,427.6,427.6,427.6,427.6,427.6,427.6,427.6,427.6,427.6,427.6,427.6,427.6,427.6,427.6,427.6,427.6,427.6,427.6,427.6,427.6,427.6,427.6,427.6,427.6,427.6,427.6,427.6,427.6,427.6,427.6,427.6,427.6,427.6,427.6,427.6,427.6,427.6,427.6,427.6,427.6,427.6,427.6,427.6,427.6,427.6,427.6,427.6,427.6,427.6,427.6,427.6,427.6,427.6,427.6,427.6,427.6,427.6,427.6,427.6,427.6,427.6,427.6,427.6,427.6,427.6,427.6,427.6,427.6,427.6,427.6,427.6,427.6,427.6,427.6,427.6
3.6647e+05,3.6486e+05,3.6144e+05,3.5949e+05,3.5523e+05,3.5211e+05,3.4515e+05,3.3764e+05,3.3764e+05,3.293e+05,3.2469e+05,3.2186e+05,3.1574e+05,3.1268e+05,3.0489e+05,2.9654e+05,2.8191e+05,2.6839e+05,2.4263e+05,2.3427e+05,2.2764e+05,2.2068e+05,2.1652e+05,2.1425e+05,2.0739e+05,2.0459e+05,1.9369e+05,1.9111e+05,1.8871e+05,1.8338e+05,1.807e+05,1.8001e+05,1.7905e+05,1.7756e+05,1.7627e+05,1.7377e+05,1.729e+05,1.7175e+05,1.7147e+05,1.6911e+05,1.676e+05,1.6723e+05,1.6568e+05,1.6401e+05,1.6306e+05,1.6224e+05,1.615e+05,1.6016e+05,1.5918e+05,1.5782e+05,1.5374e+05,1.5127e+05,1.5026e+05,1.4682e+05,1.4535e+05,1.4194e+05,1.3997e+05,1.3872e+05,1.3297e+05,1.3227e+05,1.3108e+05,1.257e+05,1.2438e+05,1.1825e+05,1.1446e+05,1.0939e+05,1.0939e+05,1.0641e+05,1.0398e+05,99730,98288,97299,96688,95162,91187,90590,90590,89894,87100,84861,84439,83103,82455,80087,79302,79012,76801,76321,75334,75045,73761,72847,71815,70531,70180,69210,67511,66587,65954,65045,64524,63180,62275,61615,59198,59198,57200,53704,53096,52293,51001,51001,49425,49264,48577,47057,45803,45159,43776,43051,40932,40810,40246,39881,39197,38978,38303,38087,37681,37681,37423,37423,37097,36669,35821,35519,34340,34340,34340,34340,33630,33630,33630,32817,32546,31744,31744,31318,31318,30927,30927,30927,30927,30592,30592,30592,29637,29637,29637,29637,29637,29637,29637,29637,29637,29637,29455,28891,28844,28787,28787,28765,28706,28606,28478,28478,28478,28478,28478,28443,28239,28044,27799,27799,27675,27675,27675,27675,27675,27262,26951,25657,25657,24712,24104,23184,22039,20730,19284,16356,13212,12818,9073.8,8952.2,8591.3,7454,7299.2,6366.7,6366.7,6366.7,6366.7,6320.3,6295.1,6180.6,6006.2,5801.5,5474.5,5471.1,5468.8,5433.1,5354,5202.8,5151.3,4905.8,4905.8,4905.8,4712.6,4549.9,4443.7,3751.4,3751.4,3751.4,3537.5,3135.7,3135.7,3135.7,3135.7,3135.7,3094.6,3094.6,3094.6,3094.6,3094.6,3013.1,2727.7,2621.1,2618.1,2538.6,2537.8,2537.8,2404.4,2404.4,2387.8,2315.5,2315.5,2315.5,2302.5,2302.5,2302.5,2223.4,2203.4,2203.4,2203.4,2150.9,2051.6,1981.2,1981.2,1972.8,1972.8,1929.6,1856.8,1856.8,1757.7,1737.7,1737.7,1591.3,1591.3,1591.3,1538.2,1494,1436.6,1436.6,1436.6,1436.6,1307,1221.4,1221.4,1221.4,1221.4,1184.6,1146.4,1146.4,1108.1,1108.1,1108.1,1077,995.96,995.96,983.25,983.25,983.25,981.01,981.01,981.01,941.56,941.56,941.56,941.56,941.56,941.56,941.56,880.54,880.54,880.54,880.54,875.54,875.54,875.54,824.17,824.17,824.17,824.17,824.17,824.17,824.17,801.44,801.44,801.44,801.44,801.44,801.44,801.44,801.44,801.44,801.44,801.44,801.44,801.44,801.44,801.44,801.44,801.44,709.86,709.86,709.86,709.86,709.86,709.86,709.86,709.86,709.86,709.86,709.86,709.86,709.86,709.86,709.86,709.86,709.86,709.86,696.4,696.4,696.4,696.4,696.4,696.4,696.4,696.4,696.4,696.4,696.4,696.4,696.4,696.4,696.4,696.4,696.4,696.4,696.4,696.4,696.4,696.4,696.4,696.4,696.4,696.4,696.4,696.4,696.4,696.4,696.4,696.4,696.4,696.4,696.4,696.4,696.4,696.4,696.4,696.4,696.4,696.4,696.4,696.4,696.4,696.4,696.4,696.4,696.4,696.4,696.4,696.4,696.4,696.4,696.4,696.4,696.4,696.4,696.4,696.4,696.4,696.4,696.4,696.4,696.4,696.4,696.4,696.4,696.4,696.4,696.4,696.4,696.4,696.4,677.96,677.96,677.96,677.96,677.96,677.96,677.96,677.96,677.96,677.96,677.96,677.96,677.96,677.96,677.96,677.96,677.96,677.96,677.96,677.96,677.96,677.96,677.96,677.96,677.96,677.96,677.96,677.96,677.96,677.96,677.96,677.96,677.96,677.96,677.96,677.96,677.96,677.96,677.96,677.96,677.96,677.96,677.96
2.5282e+05,2.5212e+05,2.5069e+05,2.4921e+05,2.4738e+05,2.4537e+05,2.4314e+05,2.4108e+05,2.3849e+05,2.357e+05,2.3527e+05,2.326e+05,2.3039e+05,2.2949e+05,2.1831e+05,2.0971e+05,1.9465e+05,1.8887e+05,1.8125e+05,1.7912e+05,1.7902e+05,1.7527e+05,1.6834e+05,1.6698e+05,1.6236e+05,1.6211e+05,1.5604e+05,1.5302e+05,1.4969e+05,1.4774e+05,1.4076e+05,1.3886e+05,1.3544e+05,1.31e+05,1.2859e+05,1.2391e+05,1.1972e+05,1.1868e+05,1.1223e+05,98744,94754,90922,89531,88684,82823,80459,69179,67277,64598,64598,59974,58412,56330,53209,47054,45565,41896,39957,39561,36904,36195,32541,31749,31749,30655,30655,30167,28429,26123,24897,24891,23307,23120,20684,19487,17396,17085,15785,15169,14691,14328,13297,12819,12700,12666,11902,10915,10584,10584,9604.4,9089.8,8571.8,7500.7,7500.7,7500.7,7500.7,7500.7,7500.7,7379.4,7379.4,6663.4,6583.6,6114.2,5841.7,5841.7,5841.7,5368,5080.6,4961,4899.7,4511.3,4373.7,4373.7,4373.7,4331.9,4108.9,3935.2,3526.6,3506.5,3379.7,3209,3165.8,2794.7,2392.2,2109.9,1963.9,1850.1,1808.1,1808.1,1808.1,1715.4,1715.4,1697.4,1671.7,1615.1,1615.1,1572.6,1572.6,1464.5,1464.5,1379.8,1310.6,1310.6,1262.9,1201.5,1201.5,1201.5,1154.3,1154.3,1154.3,1119.7,1105.6,1052.6,1052.6,981.86,966.83,966.83,931.73,931.73,931.73,872.94,788.27,788.27,714.53,714.53,714.53,714.53,675.08,675.08,675.08,675.08,650.54,650.54,650.54,650.54,650.54,650.54,650.54,626.31,626.31,618.26,618.26,618.26,618.26,618.26,605.16,605.16,605.16,605.16,605.16,605.16,605.16,605.16,605.16,605.16,605.16,605.16,605.16,605.16,605.16,605.16,605.16,605.16,605.16,605.16,605.16,605.16,605.16,605.16,605.16,605.16,605.16,605.16,605.16,605.16,605.16,605.16,605.16,605.16,605.16,605.16,605.16,605.16,605.16,605.16,605.16,605.16,605.16,605.16,605.16,605.16,605.16,605.16,605.16,605.16,605.16,605.16,605.16,605.16,605.16,605.16,605.16,605.16,605.16,605.16,605.16,605.16,605.16,605.16,605.16,605.16,605.16,605.16,605.16,546.84,546.84,546.84,546.84,546.84,546.84,546.84,546.84,538.99,538.99,538.99,538.99,538.99,538.99,538.99,538.99,538.99,538.99,538.99,498.49,498.49,498.49,498.49,498.49,498.49,498.49,498.49,498.49,498.49,498.49,498.49,498.49,498.49,498.49,498.49,498.49,498.49,498.49,498.49,498.49,498.49,498.49,498.49,498.49,498.49,498.49,498.49,498.49,498.49,498.49,498.49,498.49,498.49,498.49,498.49,498.49,498.49,498.49,498.49,498.49,498.49,498.49,498.49,498.49,498.49,498.49,498.49,498.49,498.49,498.49,498.49,498.49,498.49,498.49,498.49,498.49,498.49,498.49,498.49,498.49,498.49,498.49,498.49,498.49,498.49,464.28,464.28,464.28,464.28,464.28,464.28,464.28,464.28,464.28,464.28,464.28,464.28,464.28,464.28,464.28,464.28,464.28,464.28,464.28,464.28,464.28,464.28,464.28,464.28,464.28,464.28,464.28,464.28,464.28,464.28,464.28,464.28,464.28,464.28,464.28,464.28,464.28,464.28,464.28,464.28,464.28,464.28,464.28,464.28,464.28,464.28,464.28,464.28,464.28,464.28,464.28,464.28,464.28,464.28,464.28,464.28,464.28,464.28,464.28,464.28,464.28,464.28,464.28,464.28,464.28,464.28,464.28,464.28,464.28,464.28,464.28,464.28,464.28,464.28,464.28,464.28,464.28,464.28,464.28,464.28,464.28,464.28,464.28,464.28,464.28,464.28,464.28,464.28,464.28,464.28,464.28,464.28,464.28,464.28,464.28,464.28,464.28,464.28,464.28,464.28,464.28,464.28,464.28,464.28,464.28,464.28,464.28,464.28,464.28,464.28,464.28,464.28,464.28,464.28,464.28,464.28,464.28,464.28,464.28,464.28,464.28,464.28,464.28,464.28,464.28,464.28,464.28,464.28,464.28,464.28,464.28,464.28,464.28,464.28,464.28,464.28,464.28,464.28
3.8444e+05,3.8298e+05,3.8233e+05,3.8138e+05,3.8021e+05,3.7935e+05,3.7734e+05,3.7665e+05,3.7458e+05,3.7038e+05,3.671e+05,3.6384e+05,3.6145e+05,3.5944e+05,3.5377e+05,3.5022e+05,3.4604e+05,3.3639e+05,3.1885e+05,3.1285e+05,3.0539e+05,2.928e+05,2.8373e+05,2.7008e+05,2.6364e+05,2.5369e+05,2.2434e+05,2.0755e+05,1.9936e+05,1.9205e+05,1.9042e+05,1.8899e+05,1.8676e+05,1.8624e+05,1.8285e+05,1.8078e+05,1.7898e+05,1.7737e+05,1.7471e+05,1.7359e+05,1.7181e+05,1.6784e+05,1.6611e+05,1.6424e+05,1.5868e+05,1.4969e+05,1.4593e+05,1.4191e+05,1.3572e+05,1.3218e+05,1.2205e+05,1.1846e+05,1.1593e+05,1.0734e+05,1.0023e+05,96936,93027,89130,86076,86076,80923,75041,72710,70794,69299,68916,67263,65198,62289,61227,58184,56110,55389,55105,53662,53662,53188,52452,52452,51303,50661,49984,49230,48632,47814,46671,45955,44324,43703,42860,41840,40450,40022,38277,35097,31809,29567,26754,26345,24715,20980,19782,19280,18338,16511,14939,14812,14230,13717,12511,11883,11378,11378,10945,10727,10181,10019,8945.7,8945.7,8945.7,8471.1,8414.4,8354.1,7771.8,7598.5,7278.9,6814.9,6631.9,5683.4,5327.7,5127.8,5127.8,5127.8,4278.1,4278.1,4278.1,4278.1,3732.7,3732.7,3732.7,3564.9,3055.6,3055.6,3055.6,3055.6,2944.3,2944.3,2944.3,2944.3,2869,2869,2869,2767,2523.5,2523.5,2523.5,2483.7,2483.7,2483.7,2362.9,2362.9,2362.9,2362.9,2362.9,2305.9,2305.9,2305.9,2305.9,2111.9,2095.5,2095.5,2095.5,2095.5,1909.7,1909.7,1909.7,1848.9,1848.9,1843.6,1721.4,1641.7,1596.3,1527.8,1509.9,1509.9,1502.4,1440.4,1440.4,1274.4,1274.4,1274.4,1274.4,1270.4,1270.4,1257.9,1228.1,1120,1081.5,1081.5,1028.3,946.17,898.88,898.88,898.88,871.97,871.97,871.97,871.97,871.97,869.33,827.25,795.33,795.33,764.52,764.52,764.52,764.52,764.52,764.52,764.52,764.52,764.52,764.52,764.52,764.52,764.52,764.52,764.52,764.52,764.52,760.7,735.39,735.39,681.75,676.7,676.7,676.7,676.7,676.7,676.7,676.7,676.7,676,676,676,676,676,676,671.8,609.93,609.93,609.04,609.04,609.04,609.04,603.47,593.34,580.99,580.99,571.96,571.96,571.96,559.16,559.16,515.33,515.33,515.33,515.33,515.33,515.33,515.33,515.33,515.33,515.33,515.33,515.33,511.44,511.44,511.44,511.44,511.44,511.44,511.44,511.44,511.44,511.44,511.44,511.44,511.44,511.44,511.44,511.44,511.44,511.44,511.44,511.44,490.24,478.26,478.26,478.26,478.26,478.26,478.26,478.26,478.26,478.26,478.26,478.26,478.26,478.26,478.26,467.02,467.02,467.02,467.02,467.02,467.02,467.02,467.02,467.02,467.02,467.02,467.02,467.02,467.02,467.02,467.02,467.02,467.02,467.02,467.02,467.02,458.62,458.62,458.62,458.62,458.62,458.62,458.62,458.62,458.62,458.62,458.62,458.62,411.5,411.5,411.5,411.5,411.5,411.5,411.5,411.5,411.5,411.5,411.5,411.5,411.5,411.5,411.5,411.5,411.5,411.5,411.5,411.5,411.5,411.5,411.5,411.5,411.5,411.5,411.5,411.5,411.5,411.5,411.5,411.5,411.5,411.5,411.5,411.5,411.5,411.5,411.5,411.5,411.5,411.5,411.5,411.5,411.5,411.5,411.5,411.5,411.5,411.5,411.5,411.5,411.5,411.5,411.5,411.5,411.5,411.5,411.5,411.5,411.5,411.5,411.5,411.5,411.5,411.5,411.5,411.5,411.5,411.5,411.5,411.5,411.5,411.5,411.5,411.5,411.5,411.5,411.5,411.5,411.5,411.5,411.5,411.5,411.5,411.5,411.5,411.5,411.5,411.5,411.5,411.5,411.5,411.5,411.5,411.5,411.5,411.5,411.5,411.5,411.5,411.5,411.5,411.5,411.5,411.5,411.5,411.5,411.5,411.5,411.5,411.5,396.94,396.94,396.94,396.94,396.94,396.94,396.94,396.94,396.94,396.94,396.94,396.94,396.94,396.94,396.94,396.94,396.94,396.94,396.94,396.94,396.94
4.2873e+05,4.2795e+05,4.2615e+05,4.2258e+05,4.2076e+05,4.1849e+05,4.144e+05,4.103e+05,4.0608e+05,4.0033e+05,3.9815e+05,3.9113e+05,3.8519e+05,3.8105e+05,3.7464e+05,3.6659e+05,3.6307e+05,3.5884e+05,3.5045e+05,3.4106e+05,3.3075e+05,3.0548e+05,2.9372e+05,2.8825e+05,2.7733e+05,2.7156e+05,2.6296e+05,2.5752e+05,2.4821e+05,2.4014e+05,2.3494e+05,2.3089e+05,2.1831e+05,2.0626e+05,1.9332e+05,1.8739e+05,1.8098e+05,1.7429e+05,1.6687e+05,1.5443e+05,1.4914e+05,1.4756e+05,1.445e+05,1.2721e+05,1.2721e+05,1.2694e+05,1.2384e+05,1.2374e+05,1.2374e+05,1.188e+05,1.1406e+05,1.0814e+05,1.0446e+05,94968,90665,82042,69176,65259,63690,56060,54488,53389,48925,47208,45634,37296,33134,26410,23827,23792,23792,23792,21138,21138,21138,21138,20851,17376,17376,16100,16100,14995,14995,14837,14837,14837,14560,10671,10671,10671,10671,10671,10671,10671,10671,10671,10671,10671,10671,10671,10354,10161,9388.3,8378.8,8137.5,7736.5,7638.9,7281.9,7167.7,7167.7,7161,6892.5,6408.9,6248.6,5895,5682.6,4958.9,4958.9,4686.9,4686.9,4686.9,4237.6,4237.6,4053.7,4053.7,4053.7,4053.7,3627.7,3610.8,3610.8,3610.8,3610.8,3494.5,3284.9,3284.9,3087.2,3030.8,3002.7,2778,2649.3,2478.6,2437.1,2213,2047.3,2022.4,2022.4,2014.2,1911.6,1885.1,1872.2,1675,1653.3,1391.7,1391.7,1362.2,1249.1,1244,1186.6,1157.3,1091.9,1091.9,1091.9,1052.9,1052.9,1019.7,1019.7,980.79,929.82,929.82,929.82,928.24,928.24,928.24,928.24,928.24,928.24,928.24,928.24,928.24,928.24,882.14,882.14,882.14,882.14,882.14,882.14,882.14,882.14,882.14,882.14,882.14,882.14,882.14,869.48,869.48,869.48,869.48,869.48,864.09,831.79,831.79,831.79,808.42,808.42,808.42,735.82,735.82,733.13,733.13,704.45,704.45,704.45,704.45,696.63,696.63,674.67,674.67,674.67,674.67,674.1,645.77,645.77,645.77,645.77,645.77,645.77,645.77,645.77,645.77,645.77,645.77,645.77,645.77,645.77,602.8,602.8,602.8,602.8,602.8,602.8,602.8,602.8,602.8,602.8,602.8,602.8,602.8,602.8,602.8,602.8,602.8,602.8,602.8,602.8,602.8,602.8,602.8,602.8,602.8,602.8,602.8,602.8,602.8,602.8,602.8,602.8,602.8,602.8,602.8,602.8,602.8,602.8,602.8,602.8,597.32,595.29,593.4,593.4,593.4,590.6,590.6,590.6,590.6,586.38,581.93,581.93,581.93,581.93,581.93,569.79,541.23,541.23,541.23,541.23,523.86,523.86,523.86,516.05,516.05,516.05,516.05,516.05,516.05,516.05,516.05,516.05,500.63,500.63,500.63,500.63,500.63,500.63,500.63,500.63,500.48,500.48,497.59,496.4,488.85,483.78,483.78,483.78,483.78,483.78,476.44,471.91,469.03,469.03,467.46,455.99,454.68,454.68,454.68,454.68,454.68,454.68,453.78,449.64,449.64,448.64,446.89,445.56,442.03,440.99,439.33,439.33,438.7,432.78,432.78,432.78,432.78,432.36,430.99,429.98,426.99,426.99,426.99,426.99,426.99,426.9,426.9,426.9,426.9,426.9,425.94,425.94,425.94,425.94,425.94,425.13,425.13,425.13,424.06,424.06,424.06,423.22,422.79,422.79,422.79,421.88,420.9,420.64,420.54,419.45,419.45,419.45,419.35,419.35,419.35,419.35,418.49,418.49,418.49,418.49,418.49,418.49,418.49,418.4,418.4,418.4,418.4,418.4,418.4,418.4,418.4,418.4,418.4,418.4,418.01,418.01,417.97,417.97,417.97,416.78,416.78,416.78,416.78,416.78,416.78,416.29,416.29,416.08,416.08,415.79,415.79,415.79,415.19,415.19,415.19,415.11,415.11,415.07,415.07,414.71,414.71,414.71,414.69,414.69,414.69,414.43,414.43,414.37,414.37,414.37,414.27,414.19,414.19,414.15,413.92,413.92,413.76,413.68,413.68,413.66,413.66,413.63,413.63,413.63,413.51,413.49,413.49,413.4,413.35,413.33,413.33,413.33,413.28,413.26,413.26,413.23,413.23,413.15,413.14,413.14,413.09,413.09,413.09
3.9175e+05,3.8992e+05,3.8779e+05,3.8628e+05,3.8158e+05,3.8047e+05,3.7642e+05,3.7199e+05,3.7199e+05,3.5681e+05,3.5199e+05,3.4587e+05,3.4086e+05,3.3352e+05,3.2606e+05,3.1603e+05,2.9568e+05,2.9063e+05,2.7839e+05,2.545e+05,2.4045e+05,2.3518e+05,2.1606e+05,2.075e+05,1.9696e+05,1.9306e+05,1.8672e+05,1.7691e+05,1.6967e+05,1.6373e+05,1.5738e+05,1.4931e+05,1.3146e+05,1.2705e+05,1.1982e+05,1.1714e+05,1.0833e+05,1.043e+05,1.0036e+05,96267,88511,82570,75496,74374,70009,65969,63698,61772,57721,55673,52654,52040,50736,49359,49359,47234,47234,44459,37818,36968,35061,35061,35061,34419,32792,32792,31973,31973,31071,30809,30494,28487,25250,23832,23124,22457,21065,20457,19122,18588,18325,17188,16484,15474,14494,14494,12917,11882,11882,11479,10877,10877,10375,10375,9873.2,9873.2,9873.2,9873.2,9873.2,9608.6,9470.1,9268.5,8898.9,8898.9,8649,7777.2,7777.2,7777.2,7764.2,7462.8,7009.5,6640.8,6444.1,6248.1,5759.3,5707.1,5408.1,5258.6,5161.4,4863.3,4816.8,4707.8,4707.8,3983.9,3983.9,3357.9,3357.9,3236.8,3168.5,3019.6,2952.4,2611,2546.3,2352.2,2352.2,2293.3,2202.5,2167.1,1879.8,1781.9,1714,1676.5,1519.2,1452,1382.6,1235.4,1191.5,1146.3,1146.3,1146.3,1146.3,1138,1138,1096.9,1028.5,1025.7,990.87,981.05,981.05,981.05,981.05,981.05,981.05,981.05,981.05,944.56,944.56,944.56,944.56,944.56,944.56,944.56,944.56,944.56,944.56,944.56,944.56,903.55,903.55,903.55,903.55,903.55,903.55,894.88,893.14,893.14,888.86,839.74,789.4,789.17,774.49,774.49,774.49,772.46,747.9,747.9,743.66,680.36,680.36,680.36,680.36,680.36,680.36,680.36,644.28,644.28,644.28,644.28,644.28,644.28,644.28,626.66,626.66,626.66,626.66,626.66,626.66,626.66,626.66,626.66,626.66,626.66,626.66,626.66,626.66,626.66,626.66,626.66,626.66,626.66,626.66,626.66,626.66,626.66,626.66,626.66,626.66,626.66,626.66,626.66,626.66,626.66,626.66,619.25,619.25,613.24,613.24,613.24,613.19,613.19,613.19,613.19,607.3,607.3,607.3,607.3,571.81,571.81,571.81,571.81,566.14,566.14,566.14,566.14,566.14,566.14,566.14,566.14,566.14,566.14,566.14,566.14,566.14,566.14,566.14,540.89,540.89,540.89,540.89,540.89,540.89,540.89,540.89,540.89,540.89,540.89,540.89,540.89,540.89,540.89,540.89,540.89,540.89,540.89,540.89,540.89,540.89,540.89,540.89,540.89,540.89,540.89,540.89,540.89,540.89,540.89,540.89,540.89,537.95,537.95,537.95,537.95,537.95,537.95,537.95,537.95,537.95,537.95,534.26,534.26,534.26,534.26,534.26,534.26,534.26,534.26,528.63,528.27,528.27,515.16,515.16,496.42,496.42,489.53,489.53,489.53,489.53,479.5,479.5,479.5,479.5,479.5,468.75,468.75,468.61,468.61,464.54,464,458.58,458.58,458.58,445.37,445.37,445.37,445.37,445.37,445.37,445.37,445.37,445.37,440.74,440.74,440.74,431.99,431.1,426.78,421.22,412.6,412.6,408.19,408.19,408.19,408.19,408.19,408.19,408.19,407.74,404.43,402.84,399.89,399.89,399.89,399.89,399.89,399.89,399.89,394.03,389.82,389.82,389.82,389.82,388.29,380.77,379.56,378.25,378.25,371.33,371.33,367.86,366.31,366.31,365.84,365.02,365.02,362.23,362.23,361.74,357.73,357.73,357.73,357.73,357.73,356.59,354.51,353.95,352.67,352.66,350.36,350.36,349.17,349.17,348.31,347.21,346.56,346.35,346.35,346.35,346.35,345.95,345.95,345.95,345.44,345.44,345.44,345.43,344.11,344.11,343.23,343.23,343.23,343.23,343.23,343.23,342.36,342.36,342.36,342.36,341.11,341.11,341.11,341.11,341.11,341.11,341.11,341.11,341.11,341.11,341.11,341.11,341.11,341.11,341.11,341.11,341.11,341.11,341.11,341.11,341.11,341.11,341.11,341.11,341.11,341.11,341.11,341.11,341.11,341.11
4.5184e+05,4.497e+05,4.4787e+05,4.4458e+05,4.4101e+05,4.3669e+05,4.2989e+05,4.1611e+05,4.1224e+05,3.8302e+05,3.686e+05,3.5675e+05,3.3879e+05,3.3113e+05,3.0697e+05,2.7852e+05,2.6227e+05,2.4123e+05,2.3273e+05,2.2103e+05,2.122e+05,2.0739e+05,1.9227e+05,1.8622e+05,1.6301e+05,1.584e+05,1.5231e+05,1.4182e+05,1.3898e+05,1.3372e+05,1.2345e+05,1.172e+05,1.1535e+05,93071,93071,82566,70519,66350,66350,62278,61142,61142,57528,53987,53514,51689,48466,48466,42902,42611,40685,40685,38226,32526,32526,32526,29445,29445,29445,29445,29445,27930,27930,27930,27930,23951,23951,23951,21391,21194,21194,21194,21035,21035,19860,19596,19596,19596,19596,19431,18805,18805,18805,18805,18805,18219,18219,17569,17569,16747,16747,14175,14175,14175,14175,14175,14175,13114,13114,12429,12429,12429,12429,11639,11623,11132,9952.7,9952.7,9952.7,9952.7,9346.3,9058.8,7939.3,7939.3,7939.3,7939.3,7939.3,7939.3,7908.6,7908.6,7908.6,6791.8,6791.8,6487.4,6487.4,6487.4,6487.4,6487.4,6487.4,6487.4,6487.4,6487.4,6487.4,6039.4,6039.4,5972.6,5972.6,5525.3,5525.3,5525.3,4916,4615.7,4306.5,4098.4,4098.4,3812.1,3677.1,3061.5,3061.5,3005.5,3003.5,2911.3,2692.9,2639.3,2132.8,2132.8,2039.4,2001.1,1893.3,1848.5,1816.4,1536.5,1372.6,1311.6,1311.6,1140.2,1102.5,1083.2,971.26,971.26,971.26,964.5,892.2,892.2,892.2,887.26,887.26,887.26,887.26,887.26,877.01,822.68,822.68,822.68,822.68,822.68,822.68,757.95,757.95,757.95,757.95,757.95,753.96,733.9,717.35,717.35,717.35,678.13,678.13,678.13,678.13,678.13,678.13,678.13,678.13,678.13,659.37,659.37,659.37,659.37,659.37,659.37,659.37,659.37,659.37,659.37,659.37,659.37,659.37,659.37,659.37,659.37,659.37,659.37,659.37,659.37,659.37,659.37,659.37,659.37,659.37,659.37,659.37,659.37,659.37,659.37,659.37,659.37,659.37,659.37,651.85,651.85,651.85,651.85,651.85,651.85,651.85,651.85,651.85,651.85,651.85,651.85,603.46,603.46,603.46,603.46,603.46,603.46,603.46,603.46,603.46,603.46,603.46,603.46,603.46,603.46,603.46,603.46,603.46,603.46,603.46,603.46,603.46,603.46,603.46,603.46,603.46,603.46,603.46,603.46,603.46,603.46,603.46,603.46,603.46,603.46,603.46,603.46,603.46,603.46,603.46,603.46,603.46,603.46,603.46,603.46,603.46,603.46,603.46,603.46,603.46,603.46,603.46,603.46,603.46,603.46,603.46,603.46,603.46,603.46,603.46,603.46,603.46,603.46,603.46,603.46,603.46,603.46,599.61,599.61,599.61,594.73,594.73,563.8,563.8,563.8,563.8,563.8,563.8,563.8,563.8,563.8,563.8,563.8,563.8,563.8,563.8,563.8,563.8,563.8,563.8,563.8,563.8,563.8,563.8,563.8,563.8,563.8,563.8,563.8,563.8,563.8,563.8,563.8,563.8,563.8,563.8,563.8,563.8,553.54,553.54,553.54,553.54,553.54,553.54,553.54,553.54,553.54,553.54,553.54,553.54,553.54,553.54,553.54,553.54,509.01,509.01,509.01,509.01,509.01,509.01,509.01,509.01,509.01,509.01,509.01,509.01,509.01,509.01,509.01,509.01,509.01,507.03,507.03,507.03,507.03,507.03,507.03,507.03,507.03,507.03,507.03,504.61,504.61,504.61,504.61,504.61,504.61,504.61,504.61,504.61,504.61,504.61,504.61,504.61,504.61,504.61,504.61,504.61,504.61,504.61,504.61,504.61,504.61,504.61,504.61,504.61,504.61,504.61,504.61,504.61,504.61,504.61,504.61,504.61,504.61,504.61,504.61,504.61,504.61,503.11,503.11,503.11,503.11,503.11,503.11,503.11,503.11,503.11,503.11,503.11,503.11,503.11,503.11,503.11,503.11,503.11,503.11,503.11,503.11,503.11,503.11,503.11,503.11,503.11,503.11,503.11,503.11,503.11,503.11,503.11,503.11,503.11,503.11,503.11,503.11,503.11
